truncate table dbo.Aspx_CategoryForExcel
TRUNCATE TABLE [dbo].[Aspx_Category] 

TRUNCATE TABLE [dbo].[Aspx_CategoryAttributes] 
TRUNCATE TABLE [dbo].[Aspx_ItemsViewCount]

/****** Object:  Table [dbo].[Aspx_CategoryAttributes]    Script Date: 05/17/2012 11:15:57 ******/
INSERT [dbo].[Aspx_CategoryAttributes] ([CategoryID], [AttributeID], [IsIncludeInPriceRule], [IsIncludeInPromotions], [IsActive], [IsDeleted], [IsModified], [AddedOn], [UpdatedOn], [DeletedOn], [AddedBy], [UpdatedBy], [DeletedBy]) VALUES (0, 1, NULL, NULL, 1, 0, 0, CAST(0x00009E5301278CF0 AS DateTime), CAST(0x00009E5301278CF0 AS DateTime), NULL, N'superuser', NULL, NULL)
INSERT [dbo].[Aspx_CategoryAttributes] ([CategoryID], [AttributeID], [IsIncludeInPriceRule], [IsIncludeInPromotions], [IsActive], [IsDeleted], [IsModified], [AddedOn], [UpdatedOn], [DeletedOn], [AddedBy], [UpdatedBy], [DeletedBy]) VALUES (0, 2, NULL, NULL, 1, 0, 0, CAST(0x00009E5301278CF0 AS DateTime), CAST(0x00009E5301278CF0 AS DateTime), NULL, N'superuser', NULL, NULL)
INSERT [dbo].[Aspx_CategoryAttributes] ([CategoryID], [AttributeID], [IsIncludeInPriceRule], [IsIncludeInPromotions], [IsActive], [IsDeleted], [IsModified], [AddedOn], [UpdatedOn], [DeletedOn], [AddedBy], [UpdatedBy], [DeletedBy]) VALUES (0, 3, NULL, NULL, 1, 0, 0, CAST(0x00009E5301278CF0 AS DateTime), CAST(0x00009E5301278CF0 AS DateTime), NULL, N'superuser', NULL, NULL)
INSERT [dbo].[Aspx_CategoryAttributes] ([CategoryID], [AttributeID], [IsIncludeInPriceRule], [IsIncludeInPromotions], [IsActive], [IsDeleted], [IsModified], [AddedOn], [UpdatedOn], [DeletedOn], [AddedBy], [UpdatedBy], [DeletedBy]) VALUES (0, 9, NULL, NULL, 1, 0, 0, CAST(0x00009E5301278CF0 AS DateTime), CAST(0x00009E5301278CF0 AS DateTime), NULL, N'superuser', NULL, NULL)
INSERT [dbo].[Aspx_CategoryAttributes] ([CategoryID], [AttributeID], [IsIncludeInPriceRule], [IsIncludeInPromotions], [IsActive], [IsDeleted], [IsModified], [AddedOn], [UpdatedOn], [DeletedOn], [AddedBy], [UpdatedBy], [DeletedBy]) VALUES (0, 10, NULL, NULL, 1, 0, 0, CAST(0x00009E5301278CF0 AS DateTime), CAST(0x00009E5301278CF0 AS DateTime), NULL, N'superuser', NULL, NULL)
INSERT [dbo].[Aspx_CategoryAttributes] ([CategoryID], [AttributeID], [IsIncludeInPriceRule], [IsIncludeInPromotions], [IsActive], [IsDeleted], [IsModified], [AddedOn], [UpdatedOn], [DeletedOn], [AddedBy], [UpdatedBy], [DeletedBy]) VALUES (0, 11, NULL, NULL, 1, 0, 0, CAST(0x00009E5301278CF0 AS DateTime), CAST(0x00009E5301278CF0 AS DateTime), NULL, N'superuser', NULL, NULL)
INSERT [dbo].[Aspx_CategoryAttributes] ([CategoryID], [AttributeID], [IsIncludeInPriceRule], [IsIncludeInPromotions], [IsActive], [IsDeleted], [IsModified], [AddedOn], [UpdatedOn], [DeletedOn], [AddedBy], [UpdatedBy], [DeletedBy]) VALUES (0, 12, NULL, NULL, 1, 0, 0, CAST(0x00009E5301278CF0 AS DateTime), CAST(0x00009E5301278CF0 AS DateTime), NULL, N'superuser', NULL, NULL)
INSERT [dbo].[Aspx_CategoryAttributes] ([CategoryID], [AttributeID], [IsIncludeInPriceRule], [IsIncludeInPromotions], [IsActive], [IsDeleted], [IsModified], [AddedOn], [UpdatedOn], [DeletedOn], [AddedBy], [UpdatedBy], [DeletedBy]) VALUES (0, 16, NULL, NULL, 1, 0, 0, CAST(0x00009E5301278CF0 AS DateTime), CAST(0x00009E5301278CF0 AS DateTime), NULL, N'superuser', NULL, NULL)
INSERT [dbo].[Aspx_CategoryAttributes] ([CategoryID], [AttributeID], [IsIncludeInPriceRule], [IsIncludeInPromotions], [IsActive], [IsDeleted], [IsModified], [AddedOn], [UpdatedOn], [DeletedOn], [AddedBy], [UpdatedBy], [DeletedBy]) VALUES (0, 19, NULL, NULL, 1, 0, 0, CAST(0x00009E5301278CF0 AS DateTime), CAST(0x00009E5301278CF0 AS DateTime), NULL, N'superuser', NULL, NULL)
INSERT [dbo].[Aspx_CategoryAttributes] ([CategoryID], [AttributeID], [IsIncludeInPriceRule], [IsIncludeInPromotions], [IsActive], [IsDeleted], [IsModified], [AddedOn], [UpdatedOn], [DeletedOn], [AddedBy], [UpdatedBy], [DeletedBy]) VALUES (0, 20, NULL, NULL, 1, 0, 0, CAST(0x00009E5301278CF0 AS DateTime), CAST(0x00009E5301278CF0 AS DateTime), NULL, N'superuser', NULL, NULL)
INSERT [dbo].[Aspx_CategoryAttributes] ([CategoryID], [AttributeID], [IsIncludeInPriceRule], [IsIncludeInPromotions], [IsActive], [IsDeleted], [IsModified], [AddedOn], [UpdatedOn], [DeletedOn], [AddedBy], [UpdatedBy], [DeletedBy]) VALUES (0, 22, NULL, NULL, 1, 0, 0, CAST(0x00009E5301278CF0 AS DateTime), CAST(0x00009E5301278CF0 AS DateTime), NULL, N'superuser', NULL, NULL)
INSERT [dbo].[Aspx_CategoryAttributes] ([CategoryID], [AttributeID], [IsIncludeInPriceRule], [IsIncludeInPromotions], [IsActive], [IsDeleted], [IsModified], [AddedOn], [UpdatedOn], [DeletedOn], [AddedBy], [UpdatedBy], [DeletedBy]) VALUES (0, 23, NULL, NULL, 1, 0, 0, CAST(0x00009E5800B65D28 AS DateTime), CAST(0x00009E5800B65D28 AS DateTime), NULL, N'superuser', NULL, NULL)
INSERT [dbo].[Aspx_CategoryAttributes] ([CategoryID], [AttributeID], [IsIncludeInPriceRule], [IsIncludeInPromotions], [IsActive], [IsDeleted], [IsModified], [AddedOn], [UpdatedOn], [DeletedOn], [AddedBy], [UpdatedBy], [DeletedBy]) VALUES (0, 24, NULL, NULL, 1, 0, 0, CAST(0x00009E5800B65D28 AS DateTime), CAST(0x00009E5800B65D28 AS DateTime), NULL, N'superuser', NULL, NULL)
INSERT [dbo].[Aspx_CategoryAttributes] ([CategoryID], [AttributeID], [IsIncludeInPriceRule], [IsIncludeInPromotions], [IsActive], [IsDeleted], [IsModified], [AddedOn], [UpdatedOn], [DeletedOn], [AddedBy], [UpdatedBy], [DeletedBy]) VALUES (0, 25, NULL, NULL, 1, 0, 0, CAST(0x00009E5800B65D28 AS DateTime), CAST(0x00009E5800B65D28 AS DateTime), NULL, N'superuser', NULL, NULL)

TRUNCATE TABLE [dbo].[Aspx_CategoryAttributesValue_Boolean]

TRUNCATE TABLE [dbo].[Aspx_CategoryAttributesValue_Date]  

TRUNCATE TABLE [dbo].[Aspx_CategoryAttributesValue_Decimal] 

TRUNCATE TABLE [dbo].[Aspx_CategoryAttributesValue_File] 

TRUNCATE TABLE [dbo].[Aspx_CategoryAttributesValue_Int] 

TRUNCATE TABLE [dbo].[Aspx_CategoryAttributesValue_Nvarchar] 
TRUNCATE TABLE [dbo].[Aspx_CategoryAttributesValue_Options] 

TRUNCATE TABLE [dbo].[Aspx_CategoryAttributesValue_Text] 

TRUNCATE TABLE [dbo].[Aspx_CategoryImages] 

TRUNCATE TABLE [dbo].[Aspx_CompareItemDetails] 

truncate table Aspx_CostVariants
truncate table Aspx_CostVariantsValue
truncate table dbo.Aspx_ItemCostVariants
truncate table  dbo.Aspx_ItemCostVariantsValue
truncate table dbo.Aspx_ItemCostVariantsQuantity
truncate table dbo.Aspx_ItemCostVariantsImages



TRUNCATE TABLE [dbo].[Aspx_ItemAttributes] 
TRUNCATE TABLE [dbo].[Aspx_ItemAttributesValue_Boolean]
TRUNCATE TABLE [dbo].[Aspx_ItemAttributesValue_Date] 

TRUNCATE TABLE [dbo].[Aspx_ItemAttributesValue_Decimal]

TRUNCATE TABLE [dbo].[Aspx_ItemAttributesValue_File] 
TRUNCATE TABLE [dbo].[Aspx_ItemAttributesValue_Int] 

TRUNCATE TABLE [dbo].[Aspx_ItemAttributesValue_Nvarchar] 

TRUNCATE TABLE [dbo].[Aspx_ItemAttributesValue_Options] 

TRUNCATE TABLE [dbo].[Aspx_ItemAttributesValue_Text]

TRUNCATE TABLE [dbo].[Aspx_ItemCostVariants] 

TRUNCATE TABLE [dbo].[Aspx_ItemCostVariantsImages] 
TRUNCATE TABLE [dbo].[Aspx_ItemCostVariantsValue]

TRUNCATE TABLE [dbo].[Aspx_ItemImages] 
TRUNCATE TABLE [dbo].[Aspx_ItemRatingCriteria]
SET IDENTITY_INSERT [dbo].[Aspx_ItemRatingCriteria] ON
INSERT [dbo].[Aspx_ItemRatingCriteria] ([ItemRatingCriteriaID], [ItemRatingCriteria], [CultureName], [StoreID], [PortalID], [IsActive], [IsDeleted], [IsModified], [AddedOn], [UpdatedOn], [DeletedOn], [AddedBy], [UpdatedBy], [DeletedBy]) VALUES (1, N'Price', N'en-US', 1, 1, 1, 0, 1, CAST(0x00009EB400CBCAB4 AS DateTime), CAST(0x00009EEF00FB2110 AS DateTime), NULL, N'admin', N'admin', NULL)
INSERT [dbo].[Aspx_ItemRatingCriteria] ([ItemRatingCriteriaID], [ItemRatingCriteria], [CultureName], [StoreID], [PortalID], [IsActive], [IsDeleted], [IsModified], [AddedOn], [UpdatedOn], [DeletedOn], [AddedBy], [UpdatedBy], [DeletedBy]) VALUES (2, N'Value', N'en-US', 1, 1, 1, 0, 1, CAST(0x00009EB400CBCAB4 AS DateTime), CAST(0x00009ECC00AB3D80 AS DateTime), NULL, N'admin', N'admin', NULL)
INSERT [dbo].[Aspx_ItemRatingCriteria] ([ItemRatingCriteriaID], [ItemRatingCriteria], [CultureName], [StoreID], [PortalID], [IsActive], [IsDeleted], [IsModified], [AddedOn], [UpdatedOn], [DeletedOn], [AddedBy], [UpdatedBy], [DeletedBy]) VALUES (3, N'Quality', N'en-US', 1, 1, 1, 0, 1, CAST(0x00009EB400CBCAB4 AS DateTime), CAST(0x00009ECB01226EC8 AS DateTime), NULL, N'admin', N'admin', NULL)
SET IDENTITY_INSERT [dbo].[Aspx_ItemRatingCriteria] OFF

TRUNCATE TABLE [dbo].[Aspx_ItemRating]
TRUNCATE TABLE [dbo].[Aspx_ItemReview]

TRUNCATE TABLE [dbo].[Aspx_Items] 
TRUNCATE TABLE [dbo].[Aspx_ItemsCategories]
TRUNCATE TABLE [dbo].[Aspx_QuantityDiscount]

TRUNCATE TABLE [dbo].[Aspx_ItemTags] 

TRUNCATE TABLE [dbo].[Aspx_FeatureItems]
TRUNCATE TABLE [dbo].[Aspx_SpecialItems]
--TRUNCATE TABLE dbo.Aspx_SeasonalGroup
TRUNCATE TABLE [dbo].[Aspx_DownloadableItems]

TRUNCATE TABLE [dbo].[Aspx_ItemType] 
SET IDENTITY_INSERT [dbo].[Aspx_ItemType] ON
INSERT [dbo].[Aspx_ItemType] ([ItemTypeID], [ItemTypeName], [StoreID], [PortalID], [IsActive], [IsDeleted], [IsModified], [AddedOn], [UpdatedOn], [DeletedOn], [AddedBy], [UpdatedBy], [DeletedBy]) VALUES (1, N'Simple Item', 1, 1, 1, 0, 0, CAST(0x00009E040125FC28 AS DateTime), CAST(0x00009E3800E65B18 AS DateTime), NULL, NULL, NULL, NULL)
INSERT [dbo].[Aspx_ItemType] ([ItemTypeID], [ItemTypeName], [StoreID], [PortalID], [IsActive], [IsDeleted], [IsModified], [AddedOn], [UpdatedOn], [DeletedOn], [AddedBy], [UpdatedBy], [DeletedBy]) VALUES (2, N'Downloadable Item', 1, 1, 1, 0, 0, CAST(0x00009E0401268FD0 AS DateTime), CAST(0x00009E3800E65B18 AS DateTime), NULL, NULL, NULL, NULL)
SET IDENTITY_INSERT [dbo].[Aspx_ItemType] OFF

TRUNCATE TABLE [dbo].[Aspx_ItemTypeAttributes] 

INSERT [dbo].[Aspx_ItemTypeAttributes] ([ItemTypeID], [AttributeID], [IsIncludeInPriceRule], [IsIncludeInPromotions], [IsSystemUsed], [StoreID], [PortalID], [IsActive], [IsDeleted], [IsModified], [AddedOn], [UpdatedOn], [DeletedOn], [AddedBy], [UpdatedBy], [DeletedBy]) VALUES (1, 1, 1, 1, 1, 1, 1, 1, 0, 0, CAST(0x00009ECC00BCEA1C AS DateTime), CAST(0x00009ECC00BCEA1C AS DateTime), NULL, N'superuser', NULL, NULL)
INSERT [dbo].[Aspx_ItemTypeAttributes] ([ItemTypeID], [AttributeID], [IsIncludeInPriceRule], [IsIncludeInPromotions], [IsSystemUsed], [StoreID], [PortalID], [IsActive], [IsDeleted], [IsModified], [AddedOn], [UpdatedOn], [DeletedOn], [AddedBy], [UpdatedBy], [DeletedBy]) VALUES (2, 1, 1, 1, 1, 1, 1, 1, 0, 0, CAST(0x00009ECC00BCEA1C AS DateTime), CAST(0x00009ECC00BCEA1C AS DateTime), NULL, N'superuser', NULL, NULL)
INSERT [dbo].[Aspx_ItemTypeAttributes] ([ItemTypeID], [AttributeID], [IsIncludeInPriceRule], [IsIncludeInPromotions], [IsSystemUsed], [StoreID], [PortalID], [IsActive], [IsDeleted], [IsModified], [AddedOn], [UpdatedOn], [DeletedOn], [AddedBy], [UpdatedBy], [DeletedBy]) VALUES (1, 2, 1, 1, 1, 1, 1, 1, 0, 0, CAST(0x00009E53011C964C AS DateTime), CAST(0x00009E53011C964C AS DateTime), NULL, N'superuser', NULL, NULL)
INSERT [dbo].[Aspx_ItemTypeAttributes] ([ItemTypeID], [AttributeID], [IsIncludeInPriceRule], [IsIncludeInPromotions], [IsSystemUsed], [StoreID], [PortalID], [IsActive], [IsDeleted], [IsModified], [AddedOn], [UpdatedOn], [DeletedOn], [AddedBy], [UpdatedBy], [DeletedBy]) VALUES (2, 2, 1, 1, 1, 1, 1, 1, 0, 0, CAST(0x00009E53011C964C AS DateTime), CAST(0x00009E53011C964C AS DateTime), NULL, N'superuser', NULL, NULL)
INSERT [dbo].[Aspx_ItemTypeAttributes] ([ItemTypeID], [AttributeID], [IsIncludeInPriceRule], [IsIncludeInPromotions], [IsSystemUsed], [StoreID], [PortalID], [IsActive], [IsDeleted], [IsModified], [AddedOn], [UpdatedOn], [DeletedOn], [AddedBy], [UpdatedBy], [DeletedBy]) VALUES (1, 3, 1, 1, 1, 1, 1, 1, 0, 0, CAST(0x00009E53011CA0D8 AS DateTime), CAST(0x00009E53011CA0D8 AS DateTime), NULL, N'superuser', NULL, NULL)
INSERT [dbo].[Aspx_ItemTypeAttributes] ([ItemTypeID], [AttributeID], [IsIncludeInPriceRule], [IsIncludeInPromotions], [IsSystemUsed], [StoreID], [PortalID], [IsActive], [IsDeleted], [IsModified], [AddedOn], [UpdatedOn], [DeletedOn], [AddedBy], [UpdatedBy], [DeletedBy]) VALUES (2, 3, 1, 1, 1, 1, 1, 1, 0, 0, CAST(0x00009E53011CA0D8 AS DateTime), CAST(0x00009E53011CA0D8 AS DateTime), NULL, N'superuser', NULL, NULL)
INSERT [dbo].[Aspx_ItemTypeAttributes] ([ItemTypeID], [AttributeID], [IsIncludeInPriceRule], [IsIncludeInPromotions], [IsSystemUsed], [StoreID], [PortalID], [IsActive], [IsDeleted], [IsModified], [AddedOn], [UpdatedOn], [DeletedOn], [AddedBy], [UpdatedBy], [DeletedBy]) VALUES (1, 4, 1, 1, 1, 1, 1, 1, 0, 0, CAST(0x00009E5500EBAA78 AS DateTime), CAST(0x00009E5500EBAA78 AS DateTime), NULL, N'superuser', NULL, NULL)
INSERT [dbo].[Aspx_ItemTypeAttributes] ([ItemTypeID], [AttributeID], [IsIncludeInPriceRule], [IsIncludeInPromotions], [IsSystemUsed], [StoreID], [PortalID], [IsActive], [IsDeleted], [IsModified], [AddedOn], [UpdatedOn], [DeletedOn], [AddedBy], [UpdatedBy], [DeletedBy]) VALUES (2, 4, 1, 1, 1, 1, 1, 1, 0, 0, CAST(0x00009E5500EBAA78 AS DateTime), CAST(0x00009E5500EBAA78 AS DateTime), NULL, N'superuser', NULL, NULL)
INSERT [dbo].[Aspx_ItemTypeAttributes] ([ItemTypeID], [AttributeID], [IsIncludeInPriceRule], [IsIncludeInPromotions], [IsSystemUsed], [StoreID], [PortalID], [IsActive], [IsDeleted], [IsModified], [AddedOn], [UpdatedOn], [DeletedOn], [AddedBy], [UpdatedBy], [DeletedBy]) VALUES (1, 5, 0, 1, 1, 1, 1, 1, 0, 0, CAST(0x00009E53011CB26C AS DateTime), CAST(0x00009E53011CB26C AS DateTime), NULL, N'superuser', NULL, NULL)
INSERT [dbo].[Aspx_ItemTypeAttributes] ([ItemTypeID], [AttributeID], [IsIncludeInPriceRule], [IsIncludeInPromotions], [IsSystemUsed], [StoreID], [PortalID], [IsActive], [IsDeleted], [IsModified], [AddedOn], [UpdatedOn], [DeletedOn], [AddedBy], [UpdatedBy], [DeletedBy]) VALUES (2, 5, 0, 1, 1, 1, 1, 1, 0, 0, CAST(0x00009E53011CB26C AS DateTime), CAST(0x00009E53011CB26C AS DateTime), NULL, N'superuser', NULL, NULL)
INSERT [dbo].[Aspx_ItemTypeAttributes] ([ItemTypeID], [AttributeID], [IsIncludeInPriceRule], [IsIncludeInPromotions], [IsSystemUsed], [StoreID], [PortalID], [IsActive], [IsDeleted], [IsModified], [AddedOn], [UpdatedOn], [DeletedOn], [AddedBy], [UpdatedBy], [DeletedBy]) VALUES (1, 6, 0, 1, 1, 1, 1, 1, 0, 0, CAST(0x00009F5E00EAB155 AS DateTime), CAST(0x00009F5E00EAB155 AS DateTime), NULL, N'superuser', NULL, NULL)
INSERT [dbo].[Aspx_ItemTypeAttributes] ([ItemTypeID], [AttributeID], [IsIncludeInPriceRule], [IsIncludeInPromotions], [IsSystemUsed], [StoreID], [PortalID], [IsActive], [IsDeleted], [IsModified], [AddedOn], [UpdatedOn], [DeletedOn], [AddedBy], [UpdatedBy], [DeletedBy]) VALUES (2, 6, 0, 1, 1, 1, 1, 1, 0, 0, CAST(0x00009F5E00EAB155 AS DateTime), CAST(0x00009F5E00EAB155 AS DateTime), NULL, N'superuser', NULL, NULL)
INSERT [dbo].[Aspx_ItemTypeAttributes] ([ItemTypeID], [AttributeID], [IsIncludeInPriceRule], [IsIncludeInPromotions], [IsSystemUsed], [StoreID], [PortalID], [IsActive], [IsDeleted], [IsModified], [AddedOn], [UpdatedOn], [DeletedOn], [AddedBy], [UpdatedBy], [DeletedBy]) VALUES (1, 7, 0, 1, 1, 1, 1, 1, 0, 0, CAST(0x00009F5E00EABA36 AS DateTime), CAST(0x00009F5E00EABA36 AS DateTime), NULL, N'superuser', NULL, NULL)
INSERT [dbo].[Aspx_ItemTypeAttributes] ([ItemTypeID], [AttributeID], [IsIncludeInPriceRule], [IsIncludeInPromotions], [IsSystemUsed], [StoreID], [PortalID], [IsActive], [IsDeleted], [IsModified], [AddedOn], [UpdatedOn], [DeletedOn], [AddedBy], [UpdatedBy], [DeletedBy]) VALUES (2, 7, 0, 1, 1, 1, 1, 1, 0, 0, CAST(0x00009F5E00EABA36 AS DateTime), CAST(0x00009F5E00EABA36 AS DateTime), NULL, N'superuser', NULL, NULL)
INSERT [dbo].[Aspx_ItemTypeAttributes] ([ItemTypeID], [AttributeID], [IsIncludeInPriceRule], [IsIncludeInPromotions], [IsSystemUsed], [StoreID], [PortalID], [IsActive], [IsDeleted], [IsModified], [AddedOn], [UpdatedOn], [DeletedOn], [AddedBy], [UpdatedBy], [DeletedBy]) VALUES (1, 8, 1, 1, 1, 1, 1, 1, 0, 0, CAST(0x00009F5E00EAD737 AS DateTime), CAST(0x00009F5E00EAD737 AS DateTime), NULL, N'superuser', NULL, NULL)
INSERT [dbo].[Aspx_ItemTypeAttributes] ([ItemTypeID], [AttributeID], [IsIncludeInPriceRule], [IsIncludeInPromotions], [IsSystemUsed], [StoreID], [PortalID], [IsActive], [IsDeleted], [IsModified], [AddedOn], [UpdatedOn], [DeletedOn], [AddedBy], [UpdatedBy], [DeletedBy]) VALUES (1, 9, 0, 0, 1, 1, 1, 1, 0, 0, CAST(0x00009F2400EF74C8 AS DateTime), CAST(0x00009F2400EF74C8 AS DateTime), NULL, N'superuser', NULL, NULL)
INSERT [dbo].[Aspx_ItemTypeAttributes] ([ItemTypeID], [AttributeID], [IsIncludeInPriceRule], [IsIncludeInPromotions], [IsSystemUsed], [StoreID], [PortalID], [IsActive], [IsDeleted], [IsModified], [AddedOn], [UpdatedOn], [DeletedOn], [AddedBy], [UpdatedBy], [DeletedBy]) VALUES (2, 9, 0, 0, 1, 1, 1, 1, 0, 0, CAST(0x00009F2400EF7F54 AS DateTime), CAST(0x00009F2400EF7F54 AS DateTime), NULL, N'superuser', NULL, NULL)
INSERT [dbo].[Aspx_ItemTypeAttributes] ([ItemTypeID], [AttributeID], [IsIncludeInPriceRule], [IsIncludeInPromotions], [IsSystemUsed], [StoreID], [PortalID], [IsActive], [IsDeleted], [IsModified], [AddedOn], [UpdatedOn], [DeletedOn], [AddedBy], [UpdatedBy], [DeletedBy]) VALUES (1, 10, 0, 0, 1, 1, 1, 1, 0, 0, CAST(0x00009F2400EF8788 AS DateTime), CAST(0x00009F2400EF8788 AS DateTime), NULL, N'superuser', NULL, NULL)
INSERT [dbo].[Aspx_ItemTypeAttributes] ([ItemTypeID], [AttributeID], [IsIncludeInPriceRule], [IsIncludeInPromotions], [IsSystemUsed], [StoreID], [PortalID], [IsActive], [IsDeleted], [IsModified], [AddedOn], [UpdatedOn], [DeletedOn], [AddedBy], [UpdatedBy], [DeletedBy]) VALUES (2, 10, 0, 0, 1, 1, 1, 1, 0, 0, CAST(0x00009F2400EF89E0 AS DateTime), CAST(0x00009F2400EF89E0 AS DateTime), NULL, N'superuser', NULL, NULL)
INSERT [dbo].[Aspx_ItemTypeAttributes] ([ItemTypeID], [AttributeID], [IsIncludeInPriceRule], [IsIncludeInPromotions], [IsSystemUsed], [StoreID], [PortalID], [IsActive], [IsDeleted], [IsModified], [AddedOn], [UpdatedOn], [DeletedOn], [AddedBy], [UpdatedBy], [DeletedBy]) VALUES (1, 11, 0, 0, 1, 1, 1, 1, 0, 0, CAST(0x00009F2400EF8FBC AS DateTime), CAST(0x00009F2400EF8FBC AS DateTime), NULL, N'superuser', NULL, NULL)
INSERT [dbo].[Aspx_ItemTypeAttributes] ([ItemTypeID], [AttributeID], [IsIncludeInPriceRule], [IsIncludeInPromotions], [IsSystemUsed], [StoreID], [PortalID], [IsActive], [IsDeleted], [IsModified], [AddedOn], [UpdatedOn], [DeletedOn], [AddedBy], [UpdatedBy], [DeletedBy]) VALUES (2, 11, 0, 0, 1, 1, 1, 1, 0, 0, CAST(0x00009F2400EF9214 AS DateTime), CAST(0x00009F2400EF9214 AS DateTime), NULL, N'superuser', NULL, NULL)
INSERT [dbo].[Aspx_ItemTypeAttributes] ([ItemTypeID], [AttributeID], [IsIncludeInPriceRule], [IsIncludeInPromotions], [IsSystemUsed], [StoreID], [PortalID], [IsActive], [IsDeleted], [IsModified], [AddedOn], [UpdatedOn], [DeletedOn], [AddedBy], [UpdatedBy], [DeletedBy]) VALUES (1, 12, 0, 0, 1, 1, 1, 1, 0, 0, CAST(0x00009F2400EF96C4 AS DateTime), CAST(0x00009F2400EF96C4 AS DateTime), NULL, N'superuser', NULL, NULL)
INSERT [dbo].[Aspx_ItemTypeAttributes] ([ItemTypeID], [AttributeID], [IsIncludeInPriceRule], [IsIncludeInPromotions], [IsSystemUsed], [StoreID], [PortalID], [IsActive], [IsDeleted], [IsModified], [AddedOn], [UpdatedOn], [DeletedOn], [AddedBy], [UpdatedBy], [DeletedBy]) VALUES (2, 12, 0, 0, 1, 1, 1, 1, 0, 0, CAST(0x00009F2400EF9B74 AS DateTime), CAST(0x00009F2400EF9B74 AS DateTime), NULL, N'superuser', NULL, NULL)
INSERT [dbo].[Aspx_ItemTypeAttributes] ([ItemTypeID], [AttributeID], [IsIncludeInPriceRule], [IsIncludeInPromotions], [IsSystemUsed], [StoreID], [PortalID], [IsActive], [IsDeleted], [IsModified], [AddedOn], [UpdatedOn], [DeletedOn], [AddedBy], [UpdatedBy], [DeletedBy]) VALUES (1, 14, 0, 0, 1, 1, 1, 1, 0, 0, CAST(0x00009F2400EFA858 AS DateTime), CAST(0x00009F2400EFA858 AS DateTime), NULL, N'superuser', NULL, NULL)
INSERT [dbo].[Aspx_ItemTypeAttributes] ([ItemTypeID], [AttributeID], [IsIncludeInPriceRule], [IsIncludeInPromotions], [IsSystemUsed], [StoreID], [PortalID], [IsActive], [IsDeleted], [IsModified], [AddedOn], [UpdatedOn], [DeletedOn], [AddedBy], [UpdatedBy], [DeletedBy]) VALUES (2, 14, 0, 0, 1, 1, 1, 1, 0, 0, CAST(0x00009F2400EFAAB0 AS DateTime), CAST(0x00009F2400EFAAB0 AS DateTime), NULL, N'superuser', NULL, NULL)
INSERT [dbo].[Aspx_ItemTypeAttributes] ([ItemTypeID], [AttributeID], [IsIncludeInPriceRule], [IsIncludeInPromotions], [IsSystemUsed], [StoreID], [PortalID], [IsActive], [IsDeleted], [IsModified], [AddedOn], [UpdatedOn], [DeletedOn], [AddedBy], [UpdatedBy], [DeletedBy]) VALUES (1, 15, 0, 0, 1, 1, 1, 1, 0, 0, CAST(0x00009F2400EFAF60 AS DateTime), CAST(0x00009F2400EFAF60 AS DateTime), NULL, N'superuser', NULL, NULL)
INSERT [dbo].[Aspx_ItemTypeAttributes] ([ItemTypeID], [AttributeID], [IsIncludeInPriceRule], [IsIncludeInPromotions], [IsSystemUsed], [StoreID], [PortalID], [IsActive], [IsDeleted], [IsModified], [AddedOn], [UpdatedOn], [DeletedOn], [AddedBy], [UpdatedBy], [DeletedBy]) VALUES (2, 15, 0, 0, 1, 1, 1, 1, 0, 0, CAST(0x00009F2400EFB1B8 AS DateTime), CAST(0x00009F2400EFB1B8 AS DateTime), NULL, N'superuser', NULL, NULL)
INSERT [dbo].[Aspx_ItemTypeAttributes] ([ItemTypeID], [AttributeID], [IsIncludeInPriceRule], [IsIncludeInPromotions], [IsSystemUsed], [StoreID], [PortalID], [IsActive], [IsDeleted], [IsModified], [AddedOn], [UpdatedOn], [DeletedOn], [AddedBy], [UpdatedBy], [DeletedBy]) VALUES (1, 33, 0, 0, 1, 1, 1, 1, 0, 0, CAST(0x00009F5E00EBE0BD AS DateTime), CAST(0x00009F5E00EBE0BD AS DateTime), NULL, N'superuser', NULL, NULL)
INSERT [dbo].[Aspx_ItemTypeAttributes] ([ItemTypeID], [AttributeID], [IsIncludeInPriceRule], [IsIncludeInPromotions], [IsSystemUsed], [StoreID], [PortalID], [IsActive], [IsDeleted], [IsModified], [AddedOn], [UpdatedOn], [DeletedOn], [AddedBy], [UpdatedBy], [DeletedBy]) VALUES (2, 33, 0, 0, 1, 1, 1, 1, 0, 0, CAST(0x00009F5E00EBE0BD AS DateTime), CAST(0x00009F5E00EBE0BD AS DateTime), NULL, N'superuser', NULL, NULL)
INSERT [dbo].[Aspx_ItemTypeAttributes] ([ItemTypeID], [AttributeID], [IsIncludeInPriceRule], [IsIncludeInPromotions], [IsSystemUsed], [StoreID], [PortalID], [IsActive], [IsDeleted], [IsModified], [AddedOn], [UpdatedOn], [DeletedOn], [AddedBy], [UpdatedBy], [DeletedBy]) VALUES (1, 34, 0, 0, 1, 1, 1, 1, 0, 0, CAST(0x00009F5E00EBEC71 AS DateTime), CAST(0x00009F5E00EBEC71 AS DateTime), NULL, N'superuser', NULL, NULL)
INSERT [dbo].[Aspx_ItemTypeAttributes] ([ItemTypeID], [AttributeID], [IsIncludeInPriceRule], [IsIncludeInPromotions], [IsSystemUsed], [StoreID], [PortalID], [IsActive], [IsDeleted], [IsModified], [AddedOn], [UpdatedOn], [DeletedOn], [AddedBy], [UpdatedBy], [DeletedBy]) VALUES (1, 24, 0, 0, 1, 1, 1, 1, 0, 0, CAST(0x00009F2400EFEFD4 AS DateTime), CAST(0x00009F2400EFEFD4 AS DateTime), NULL, N'superuser', NULL, NULL)
INSERT [dbo].[Aspx_ItemTypeAttributes] ([ItemTypeID], [AttributeID], [IsIncludeInPriceRule], [IsIncludeInPromotions], [IsSystemUsed], [StoreID], [PortalID], [IsActive], [IsDeleted], [IsModified], [AddedOn], [UpdatedOn], [DeletedOn], [AddedBy], [UpdatedBy], [DeletedBy]) VALUES (2, 24, 0, 0, 1, 1, 1, 1, 0, 0, CAST(0x00009F2400EFF358 AS DateTime), CAST(0x00009F2400EFF358 AS DateTime), NULL, N'superuser', NULL, NULL)
INSERT [dbo].[Aspx_ItemTypeAttributes] ([ItemTypeID], [AttributeID], [IsIncludeInPriceRule], [IsIncludeInPromotions], [IsSystemUsed], [StoreID], [PortalID], [IsActive], [IsDeleted], [IsModified], [AddedOn], [UpdatedOn], [DeletedOn], [AddedBy], [UpdatedBy], [DeletedBy]) VALUES (1, 25, 0, 0, 1, 1, 1, 1, 0, 0, CAST(0x00009F2400EFF6DC AS DateTime), CAST(0x00009F2400EFF6DC AS DateTime), NULL, N'superuser', NULL, NULL)
INSERT [dbo].[Aspx_ItemTypeAttributes] ([ItemTypeID], [AttributeID], [IsIncludeInPriceRule], [IsIncludeInPromotions], [IsSystemUsed], [StoreID], [PortalID], [IsActive], [IsDeleted], [IsModified], [AddedOn], [UpdatedOn], [DeletedOn], [AddedBy], [UpdatedBy], [DeletedBy]) VALUES (2, 25, 0, 0, 1, 1, 1, 1, 0, 0, CAST(0x00009F2400EFFA60 AS DateTime), CAST(0x00009F2400EFFA60 AS DateTime), NULL, N'superuser', NULL, NULL)
INSERT [dbo].[Aspx_ItemTypeAttributes] ([ItemTypeID], [AttributeID], [IsIncludeInPriceRule], [IsIncludeInPromotions], [IsSystemUsed], [StoreID], [PortalID], [IsActive], [IsDeleted], [IsModified], [AddedOn], [UpdatedOn], [DeletedOn], [AddedBy], [UpdatedBy], [DeletedBy]) VALUES (1, 26, 0, 0, 1, 1, 1, 1, 0, 0, CAST(0x00009F2400EFFDE4 AS DateTime), CAST(0x00009F2400EFFDE4 AS DateTime), NULL, N'superuser', NULL, NULL)
INSERT [dbo].[Aspx_ItemTypeAttributes] ([ItemTypeID], [AttributeID], [IsIncludeInPriceRule], [IsIncludeInPromotions], [IsSystemUsed], [StoreID], [PortalID], [IsActive], [IsDeleted], [IsModified], [AddedOn], [UpdatedOn], [DeletedOn], [AddedBy], [UpdatedBy], [DeletedBy]) VALUES (2, 26, 0, 0, 1, 1, 1, 1, 0, 0, CAST(0x00009F2400F0003C AS DateTime), CAST(0x00009F2400F0003C AS DateTime), NULL, N'superuser', NULL, NULL)
INSERT [dbo].[Aspx_ItemTypeAttributes] ([ItemTypeID], [AttributeID], [IsIncludeInPriceRule], [IsIncludeInPromotions], [IsSystemUsed], [StoreID], [PortalID], [IsActive], [IsDeleted], [IsModified], [AddedOn], [UpdatedOn], [DeletedOn], [AddedBy], [UpdatedBy], [DeletedBy]) VALUES (1, 27, 0, 0, 1, 1, 1, 1, 0, 0, CAST(0x00009F2400F003C0 AS DateTime), CAST(0x00009F2400F003C0 AS DateTime), NULL, N'superuser', NULL, NULL)
INSERT [dbo].[Aspx_ItemTypeAttributes] ([ItemTypeID], [AttributeID], [IsIncludeInPriceRule], [IsIncludeInPromotions], [IsSystemUsed], [StoreID], [PortalID], [IsActive], [IsDeleted], [IsModified], [AddedOn], [UpdatedOn], [DeletedOn], [AddedBy], [UpdatedBy], [DeletedBy]) VALUES (2, 27, 0, 0, 1, 1, 1, 1, 0, 0, CAST(0x00009F2400F00618 AS DateTime), CAST(0x00009F2400F00618 AS DateTime), NULL, N'superuser', NULL, NULL)
INSERT [dbo].[Aspx_ItemTypeAttributes] ([ItemTypeID], [AttributeID], [IsIncludeInPriceRule], [IsIncludeInPromotions], [IsSystemUsed], [StoreID], [PortalID], [IsActive], [IsDeleted], [IsModified], [AddedOn], [UpdatedOn], [DeletedOn], [AddedBy], [UpdatedBy], [DeletedBy]) VALUES (1, 28, 0, 0, 1, 1, 1, 1, 0, 0, CAST(0x00009F2400F0099C AS DateTime), CAST(0x00009F2400F0099C AS DateTime), NULL, N'superuser', NULL, NULL)
INSERT [dbo].[Aspx_ItemTypeAttributes] ([ItemTypeID], [AttributeID], [IsIncludeInPriceRule], [IsIncludeInPromotions], [IsSystemUsed], [StoreID], [PortalID], [IsActive], [IsDeleted], [IsModified], [AddedOn], [UpdatedOn], [DeletedOn], [AddedBy], [UpdatedBy], [DeletedBy]) VALUES (2, 28, 0, 0, 1, 1, 1, 1, 0, 0, CAST(0x00009F2400F00D20 AS DateTime), CAST(0x00009F2400F00D20 AS DateTime), NULL, N'superuser', NULL, NULL)
INSERT [dbo].[Aspx_ItemTypeAttributes] ([ItemTypeID], [AttributeID], [IsIncludeInPriceRule], [IsIncludeInPromotions], [IsSystemUsed], [StoreID], [PortalID], [IsActive], [IsDeleted], [IsModified], [AddedOn], [UpdatedOn], [DeletedOn], [AddedBy], [UpdatedBy], [DeletedBy]) VALUES (2, 34, 0, 0, 1, 1, 1, 1, 0, 0, CAST(0x00009F5E00EBEC71 AS DateTime), CAST(0x00009F5E00EBEC71 AS DateTime), NULL, N'superuser', NULL, NULL)
INSERT [dbo].[Aspx_ItemTypeAttributes] ([ItemTypeID], [AttributeID], [IsIncludeInPriceRule], [IsIncludeInPromotions], [IsSystemUsed], [StoreID], [PortalID], [IsActive], [IsDeleted], [IsModified], [AddedOn], [UpdatedOn], [DeletedOn], [AddedBy], [UpdatedBy], [DeletedBy]) VALUES (1, 32, 0, 0, 1, 1, 1, 1, 0, 0, CAST(0x00009F2400F02814 AS DateTime), CAST(0x00009F2400F02814 AS DateTime), NULL, N'superuser', NULL, NULL)
INSERT [dbo].[Aspx_ItemTypeAttributes] ([ItemTypeID], [AttributeID], [IsIncludeInPriceRule], [IsIncludeInPromotions], [IsSystemUsed], [StoreID], [PortalID], [IsActive], [IsDeleted], [IsModified], [AddedOn], [UpdatedOn], [DeletedOn], [AddedBy], [UpdatedBy], [DeletedBy]) VALUES (2, 32, 0, 0, 1, 1, 1, 1, 0, 0, CAST(0x00009F2400F02A6C AS DateTime), CAST(0x00009F2400F02A6C AS DateTime), NULL, N'superuser', NULL, NULL)
INSERT [dbo].[Aspx_ItemTypeAttributes] ([ItemTypeID], [AttributeID], [IsIncludeInPriceRule], [IsIncludeInPromotions], [IsSystemUsed], [StoreID], [PortalID], [IsActive], [IsDeleted], [IsModified], [AddedOn], [UpdatedOn], [DeletedOn], [AddedBy], [UpdatedBy], [DeletedBy]) VALUES (2, 8, 1, 1, 1, 1, 1, 1, 0, 0, CAST(0x00009F5E00EAD737 AS DateTime), CAST(0x00009F5E00EAD737 AS DateTime), NULL, N'superuser', NULL, NULL)
INSERT [dbo].[Aspx_ItemTypeAttributes] ([ItemTypeID], [AttributeID], [IsIncludeInPriceRule], [IsIncludeInPromotions], [IsSystemUsed], [StoreID], [PortalID], [IsActive], [IsDeleted], [IsModified], [AddedOn], [UpdatedOn], [DeletedOn], [AddedBy], [UpdatedBy], [DeletedBy]) VALUES (1, 13, 1, 1, 1, 1, 1, 1, 0, 0, CAST(0x00009F5E00EB1C0C AS DateTime), CAST(0x00009F5E00EB1C0C AS DateTime), NULL, N'superuser', NULL, NULL)
INSERT [dbo].[Aspx_ItemTypeAttributes] ([ItemTypeID], [AttributeID], [IsIncludeInPriceRule], [IsIncludeInPromotions], [IsSystemUsed], [StoreID], [PortalID], [IsActive], [IsDeleted], [IsModified], [AddedOn], [UpdatedOn], [DeletedOn], [AddedBy], [UpdatedBy], [DeletedBy]) VALUES (2, 13, 1, 1, 1, 1, 1, 1, 0, 0, CAST(0x00009F5E00EB1C0C AS DateTime), CAST(0x00009F5E00EB1C0C AS DateTime), NULL, N'superuser', NULL, NULL)
INSERT [dbo].[Aspx_ItemTypeAttributes] ([ItemTypeID], [AttributeID], [IsIncludeInPriceRule], [IsIncludeInPromotions], [IsSystemUsed], [StoreID], [PortalID], [IsActive], [IsDeleted], [IsModified], [AddedOn], [UpdatedOn], [DeletedOn], [AddedBy], [UpdatedBy], [DeletedBy]) VALUES (1, 22, 1, 0, 1, 1, 1, 1, 0, 0, CAST(0x00009F5E00EB5DA2 AS DateTime), CAST(0x00009F5E00EB5DA2 AS DateTime), NULL, N'superuser', NULL, NULL)
INSERT [dbo].[Aspx_ItemTypeAttributes] ([ItemTypeID], [AttributeID], [IsIncludeInPriceRule], [IsIncludeInPromotions], [IsSystemUsed], [StoreID], [PortalID], [IsActive], [IsDeleted], [IsModified], [AddedOn], [UpdatedOn], [DeletedOn], [AddedBy], [UpdatedBy], [DeletedBy]) VALUES (2, 22, 1, 0, 1, 1, 1, 1, 0, 0, CAST(0x00009F5E00EB5DA2 AS DateTime), CAST(0x00009F5E00EB5DA2 AS DateTime), NULL, N'superuser', NULL, NULL)
INSERT [dbo].[Aspx_ItemTypeAttributes] ([ItemTypeID], [AttributeID], [IsIncludeInPriceRule], [IsIncludeInPromotions], [IsSystemUsed], [StoreID], [PortalID], [IsActive], [IsDeleted], [IsModified], [AddedOn], [UpdatedOn], [DeletedOn], [AddedBy], [UpdatedBy], [DeletedBy]) VALUES (1, 23, 1, 0, 1, 1, 1, 1, 0, 0, CAST(0x00009F5E00EB6B6C AS DateTime), CAST(0x00009F5E00EB6B6C AS DateTime), NULL, N'superuser', NULL, NULL)
INSERT [dbo].[Aspx_ItemTypeAttributes] ([ItemTypeID], [AttributeID], [IsIncludeInPriceRule], [IsIncludeInPromotions], [IsSystemUsed], [StoreID], [PortalID], [IsActive], [IsDeleted], [IsModified], [AddedOn], [UpdatedOn], [DeletedOn], [AddedBy], [UpdatedBy], [DeletedBy]) VALUES (2, 23, 1, 0, 1, 1, 1, 1, 0, 0, CAST(0x00009F5E00EB6B6C AS DateTime), CAST(0x00009F5E00EB6B6C AS DateTime), NULL, N'superuser', NULL, NULL)

TRUNCATE TABLE [dbo].[Aspx_ItemViewed] 
TRUNCATE TABLE [dbo].[Aspx_NewItems]
TRUNCATE TABLE [dbo].[Aspx_PromoItems] 

TRUNCATE TABLE [dbo].[Aspx_RecentlyComparedItems]
TRUNCATE TABLE [dbo].[Aspx_RelatedItems] 
TRUNCATE TABLE [dbo].[Aspx_WishItemDetails] 