TRUNCATE TABLE aspx_address
TRUNCATE TABLE [dbo].[Aspx_Category] 

TRUNCATE TABLE [dbo].[Aspx_CategoryAttributes] 
TRUNCATE TABLE  [Aspx_CategoryAttributesValue_File]

TRUNCATE TABLE  Aspx_CategoryInformationDetails
TRUNCATE TABLE Aspx_CategoryForExcel

TRUNCATE TABLE  Aspx_ItemInformationDetails

TRUNCATE TABLE [dbo].[Aspx_ItemsViewCount]


/****** Object:  Table [dbo].[Aspx_CategoryAttributes]    Script Date: 05/17/2012 11:15:57 ******/
INSERT [dbo].[Aspx_CategoryAttributes] ([CategoryID], [AttributeID], [IsIncludeInPriceRule], [IsActive], [IsDeleted], [IsModified], [AddedOn], [UpdatedOn], [DeletedOn], [AddedBy], [UpdatedBy], [DeletedBy]) VALUES (0, 1, NULL, 1, 0, 0, CAST(0x00009E5301278CF0 AS DateTime), CAST(0x00009E5301278CF0 AS DateTime), NULL, N'superuser', NULL, NULL)
INSERT [dbo].[Aspx_CategoryAttributes] ([CategoryID], [AttributeID], [IsIncludeInPriceRule], [IsActive], [IsDeleted], [IsModified], [AddedOn], [UpdatedOn], [DeletedOn], [AddedBy], [UpdatedBy], [DeletedBy]) VALUES (0, 2, NULL, 1, 0, 0, CAST(0x00009E5301278CF0 AS DateTime), CAST(0x00009E5301278CF0 AS DateTime), NULL, N'superuser', NULL, NULL)
INSERT [dbo].[Aspx_CategoryAttributes] ([CategoryID], [AttributeID], [IsIncludeInPriceRule], [IsActive], [IsDeleted], [IsModified], [AddedOn], [UpdatedOn], [DeletedOn], [AddedBy], [UpdatedBy], [DeletedBy]) VALUES (0, 3, NULL, 1, 0, 0, CAST(0x00009E5301278CF0 AS DateTime), CAST(0x00009E5301278CF0 AS DateTime), NULL, N'superuser', NULL, NULL)
INSERT [dbo].[Aspx_CategoryAttributes] ([CategoryID], [AttributeID], [IsIncludeInPriceRule], [IsActive], [IsDeleted], [IsModified], [AddedOn], [UpdatedOn], [DeletedOn], [AddedBy], [UpdatedBy], [DeletedBy]) VALUES (0, 9, NULL, 1, 0, 0, CAST(0x00009E5301278CF0 AS DateTime), CAST(0x00009E5301278CF0 AS DateTime), NULL, N'superuser', NULL, NULL)
INSERT [dbo].[Aspx_CategoryAttributes] ([CategoryID], [AttributeID], [IsIncludeInPriceRule], [IsActive], [IsDeleted], [IsModified], [AddedOn], [UpdatedOn], [DeletedOn], [AddedBy], [UpdatedBy], [DeletedBy]) VALUES (0, 10, NULL, 1, 0, 0, CAST(0x00009E5301278CF0 AS DateTime), CAST(0x00009E5301278CF0 AS DateTime), NULL, N'superuser', NULL, NULL)
INSERT [dbo].[Aspx_CategoryAttributes] ([CategoryID], [AttributeID], [IsIncludeInPriceRule], [IsActive], [IsDeleted], [IsModified], [AddedOn], [UpdatedOn], [DeletedOn], [AddedBy], [UpdatedBy], [DeletedBy]) VALUES (0, 11, NULL, 1, 0, 0, CAST(0x00009E5301278CF0 AS DateTime), CAST(0x00009E5301278CF0 AS DateTime), NULL, N'superuser', NULL, NULL)
INSERT [dbo].[Aspx_CategoryAttributes] ([CategoryID], [AttributeID], [IsIncludeInPriceRule], [IsActive], [IsDeleted], [IsModified], [AddedOn], [UpdatedOn], [DeletedOn], [AddedBy], [UpdatedBy], [DeletedBy]) VALUES (0, 12, NULL, 1, 0, 0, CAST(0x00009E5301278CF0 AS DateTime), CAST(0x00009E5301278CF0 AS DateTime), NULL, N'superuser', NULL, NULL)
INSERT [dbo].[Aspx_CategoryAttributes] ([CategoryID], [AttributeID], [IsIncludeInPriceRule], [IsActive], [IsDeleted], [IsModified], [AddedOn], [UpdatedOn], [DeletedOn], [AddedBy], [UpdatedBy], [DeletedBy]) VALUES (0, 16, NULL, 1, 0, 0, CAST(0x00009E5301278CF0 AS DateTime), CAST(0x00009E5301278CF0 AS DateTime), NULL, N'superuser', NULL, NULL)
INSERT [dbo].[Aspx_CategoryAttributes] ([CategoryID], [AttributeID], [IsIncludeInPriceRule], [IsActive], [IsDeleted], [IsModified], [AddedOn], [UpdatedOn], [DeletedOn], [AddedBy], [UpdatedBy], [DeletedBy]) VALUES (0, 17, NULL, 1, 0, 0, CAST(0x00009E5301278CF0 AS DateTime), CAST(0x00009E5301278CF0 AS DateTime), NULL, N'superuser', NULL, NULL)
INSERT [dbo].[Aspx_CategoryAttributes] ([CategoryID], [AttributeID], [IsIncludeInPriceRule], [IsActive], [IsDeleted], [IsModified], [AddedOn], [UpdatedOn], [DeletedOn], [AddedBy], [UpdatedBy], [DeletedBy]) VALUES (0, 18, NULL, 1, 0, 0, CAST(0x00009E5301278CF0 AS DateTime), CAST(0x00009E5301278CF0 AS DateTime), NULL, N'superuser', NULL, NULL)
INSERT [dbo].[Aspx_CategoryAttributes] ([CategoryID], [AttributeID], [IsIncludeInPriceRule], [IsActive], [IsDeleted], [IsModified], [AddedOn], [UpdatedOn], [DeletedOn], [AddedBy], [UpdatedBy], [DeletedBy]) VALUES (0, 19, NULL, 1, 0, 0, CAST(0x00009E5301278CF0 AS DateTime), CAST(0x00009E5301278CF0 AS DateTime), NULL, N'superuser', NULL, NULL)
INSERT [dbo].[Aspx_CategoryAttributes] ([CategoryID], [AttributeID], [IsIncludeInPriceRule], [IsActive], [IsDeleted], [IsModified], [AddedOn], [UpdatedOn], [DeletedOn], [AddedBy], [UpdatedBy], [DeletedBy]) VALUES (0, 20, NULL, 1, 0, 0, CAST(0x00009E5301278CF0 AS DateTime), CAST(0x00009E5301278CF0 AS DateTime), NULL, N'superuser', NULL, NULL)
INSERT [dbo].[Aspx_CategoryAttributes] ([CategoryID], [AttributeID], [IsIncludeInPriceRule], [IsActive], [IsDeleted], [IsModified], [AddedOn], [UpdatedOn], [DeletedOn], [AddedBy], [UpdatedBy], [DeletedBy]) VALUES (0, 21, NULL, 1, 0, 0, CAST(0x00009E5301278CF0 AS DateTime), CAST(0x00009E5301278CF0 AS DateTime), NULL, N'superuser', NULL, NULL)
INSERT [dbo].[Aspx_CategoryAttributes] ([CategoryID], [AttributeID], [IsIncludeInPriceRule], [IsActive], [IsDeleted], [IsModified], [AddedOn], [UpdatedOn], [DeletedOn], [AddedBy], [UpdatedBy], [DeletedBy]) VALUES (0, 22, NULL, 1, 0, 0, CAST(0x00009E5800B65D28 AS DateTime), CAST(0x00009E5800B65D28 AS DateTime), NULL, N'superuser', NULL, NULL)
INSERT [dbo].[Aspx_CategoryAttributes] ([CategoryID], [AttributeID], [IsIncludeInPriceRule], [IsActive], [IsDeleted], [IsModified], [AddedOn], [UpdatedOn], [DeletedOn], [AddedBy], [UpdatedBy], [DeletedBy]) VALUES (0, 36, NULL, 1, 0, 0, CAST(0x00009E5800B65D28 AS DateTime), CAST(0x00009E5800B65D28 AS DateTime), NULL, N'superuser', NULL, NULL)


TRUNCATE TABLE [dbo].[Aspx_CategoryAttributesValue_Boolean]

TRUNCATE TABLE [dbo].[Aspx_CategoryAttributesValue_Date]  

TRUNCATE TABLE [dbo].[Aspx_CategoryAttributesValue_Decimal] 

TRUNCATE TABLE [dbo].[Aspx_CategoryAttributesValue_File] 

TRUNCATE TABLE [dbo].[Aspx_CategoryAttributesValue_Int] 

TRUNCATE TABLE [dbo].[Aspx_CategoryAttributesValue_Nvarchar] 
TRUNCATE TABLE [dbo].[Aspx_CategoryAttributesValue_Options] 

TRUNCATE TABLE [dbo].[Aspx_CategoryAttributesValue_Text] 

TRUNCATE TABLE [dbo].[Aspx_CategoryImages] 

TRUNCATE TABLE [dbo].[Aspx_CompareItemDetails] 

truncate table Aspx_CostVariants
truncate table Aspx_CostVariantsValue
truncate table Aspx_ItemCostVariantsConfig

TRUNCATE TABLE [dbo].[Aspx_ItemAttributes] 
TRUNCATE TABLE [dbo].[Aspx_ItemAttributesValue_Boolean]
TRUNCATE TABLE [dbo].[Aspx_ItemAttributesValue_Date] 

TRUNCATE TABLE [dbo].[Aspx_ItemAttributesValue_Decimal]

TRUNCATE TABLE [dbo].[Aspx_ItemAttributesValue_File] 
TRUNCATE TABLE [dbo].[Aspx_ItemAttributesValue_Int] 

TRUNCATE TABLE [dbo].[Aspx_ItemAttributesValue_Nvarchar] 

TRUNCATE TABLE [dbo].[Aspx_ItemAttributesValue_Options] 

TRUNCATE TABLE [dbo].[Aspx_ItemAttributesValue_Text]


TRUNCATE TABLE [dbo].[Aspx_ItemImages] 
TRUNCATE TABLE [dbo].[Aspx_ItemImagesAlias] 
TRUNCATE TABLE [dbo].[Aspx_ItemRatingCriteria]
/****** Object:  Table [dbo].[Aspx_ItemRatingCriteria]    Script Date: 05/17/2012 11:15:57 ******/
SET IDENTITY_INSERT [dbo].[Aspx_ItemRatingCriteria] ON
INSERT [dbo].[Aspx_ItemRatingCriteria] ([ItemRatingCriteriaID], [StoreID], [PortalID], [IsActive], [IsDeleted], [IsModified], [AddedOn], [UpdatedOn], [DeletedOn], [AddedBy], [UpdatedBy], [DeletedBy]) VALUES (1, 1, 1, 1, 0, 1, CAST(0x00009EB400CBCAB4 AS DateTime), CAST(0x00009EEF00FB2110 AS DateTime), NULL, N'admin', N'admin', NULL)
INSERT [dbo].[Aspx_ItemRatingCriteria] ([ItemRatingCriteriaID],[StoreID], [PortalID], [IsActive], [IsDeleted], [IsModified], [AddedOn], [UpdatedOn], [DeletedOn], [AddedBy], [UpdatedBy], [DeletedBy]) VALUES (2, 1, 1, 1, 0, 1, CAST(0x00009EB400CBCAB4 AS DateTime), CAST(0x00009ECC00AB3D80 AS DateTime), NULL, N'admin', N'admin', NULL)
INSERT [dbo].[Aspx_ItemRatingCriteria] ([ItemRatingCriteriaID], [StoreID], [PortalID], [IsActive], [IsDeleted], [IsModified], [AddedOn], [UpdatedOn], [DeletedOn], [AddedBy], [UpdatedBy], [DeletedBy]) VALUES (3, 1, 1, 1, 0, 1, CAST(0x00009EB400CBCAB4 AS DateTime), CAST(0x00009ECB01226EC8 AS DateTime), NULL, N'admin', N'admin', NULL)
SET IDENTITY_INSERT [dbo].[Aspx_ItemRatingCriteria] OFF
TRUNCATE TABLE [dbo].[Aspx_ItemRatingCriteriaAlias]
/****** Object:  Table [dbo].[Aspx_ItemRatingCriteriaAlias]    Script Date: 05/17/2012 11:15:57 ******/
SET IDENTITY_INSERT [dbo].[Aspx_ItemRatingCriteriaAlias] ON
INSERT [dbo].[Aspx_ItemRatingCriteriaAlias] ([ItemRatingCriteriaAliasID], [ItemRatingCriteriaID], [ItemRatingCriteria], [CultureName], [StoreID], [PortalID], [IsActive], [IsDeleted], [IsModified], [AddedOn], [UpdatedOn], [DeletedOn], [AddedBy], [UpdatedBy], [DeletedBy]) VALUES (1, 1, N'Price', N'en-US', 1, 1, 1, 0, 1, CAST(0x00009EB400CBCAB4 AS DateTime), CAST(0x00009EEF00FB2110 AS DateTime), NULL, N'superuser', N'superuser', NULL)
INSERT [dbo].[Aspx_ItemRatingCriteriaAlias] ([ItemRatingCriteriaAliasID], [ItemRatingCriteriaID], [ItemRatingCriteria], [CultureName], [StoreID], [PortalID], [IsActive], [IsDeleted], [IsModified], [AddedOn], [UpdatedOn], [DeletedOn], [AddedBy], [UpdatedBy], [DeletedBy]) VALUES (2, 2, N'Value', N'en-US', 1, 1, 1, 0, 1, CAST(0x00009EB400CBCAB4 AS DateTime), CAST(0x00009EEF00FB2110 AS DateTime), NULL, N'superuser', N'superuser', NULL)
INSERT [dbo].[Aspx_ItemRatingCriteriaAlias] ([ItemRatingCriteriaAliasID], [ItemRatingCriteriaID], [ItemRatingCriteria], [CultureName], [StoreID], [PortalID], [IsActive], [IsDeleted], [IsModified], [AddedOn], [UpdatedOn], [DeletedOn], [AddedBy], [UpdatedBy], [DeletedBy]) VALUES (3, 3, N'Quality', N'en-US', 1, 1, 1, 0, 1, CAST(0x00009EB400CBCAB4 AS DateTime), CAST(0x00009EEF00FB2110 AS DateTime), NULL, N'superuser', N'superuser', NULL)
SET IDENTITY_INSERT [dbo].[Aspx_ItemRatingCriteriaAlias] OFF

TRUNCATE TABLE [dbo].[Aspx_ItemRating]
TRUNCATE TABLE [dbo].[Aspx_ItemReview]

TRUNCATE TABLE [dbo].[Aspx_Items] 
TRUNCATE TABLE [dbo].[Aspx_ItemsCategories]
TRUNCATE TABLE [dbo].[Aspx_QuantityDiscount]

TRUNCATE TABLE [dbo].[Aspx_ItemTags] 

TRUNCATE TABLE dbo.Aspx_SeasonalGroup
TRUNCATE TABLE [dbo].[Aspx_SeasonalItems]
TRUNCATE TABLE [dbo].[Aspx_DownloadableItems]

TRUNCATE TABLE [dbo].[Aspx_ItemType] 
/****** Object:  Table [dbo].[Aspx_ItemType]    Script Date: 05/17/2012 11:15:57 ******/
SET IDENTITY_INSERT [dbo].[Aspx_ItemType] ON
INSERT [dbo].[Aspx_ItemType] ([ItemTypeID], [ItemTypeName], [StoreID], [PortalID], [IsActive], [IsDeleted], [IsModified], [AddedOn], [UpdatedOn], [DeletedOn], [AddedBy], [UpdatedBy], [DeletedBy]) VALUES (1, N'Simple Item', 1, 1, 1, 0, 0, CAST(0x00009E040125FC28 AS DateTime), CAST(0x00009E3800E65B18 AS DateTime), NULL, NULL, NULL, NULL)
INSERT [dbo].[Aspx_ItemType] ([ItemTypeID], [ItemTypeName], [StoreID], [PortalID], [IsActive], [IsDeleted], [IsModified], [AddedOn], [UpdatedOn], [DeletedOn], [AddedBy], [UpdatedBy], [DeletedBy]) VALUES (2, N'Downloadable Item', 1, 1, 1, 0, 0, CAST(0x00009E0401268FD0 AS DateTime), CAST(0x00009E3800E65B18 AS DateTime), NULL, NULL, NULL, NULL)
INSERT [dbo].[Aspx_ItemType] ([ItemTypeID], [ItemTypeName], [StoreID], [PortalID], [IsActive], [IsDeleted], [IsModified], [AddedOn], [UpdatedOn], [DeletedOn], [AddedBy], [UpdatedBy], [DeletedBy]) VALUES (3, N'Gift Card', 1, 1, 1, 0, 0, CAST(0x0000A0BA00DA142C AS DateTime), CAST(0x0000A0BA00DA142C AS DateTime), NULL, NULL, NULL, NULL)
INSERT [dbo].[Aspx_ItemType] ([ItemTypeID], [ItemTypeName], [StoreID], [PortalID], [IsActive], [IsDeleted], [IsModified], [AddedOn], [UpdatedOn], [DeletedOn], [AddedBy], [UpdatedBy], [DeletedBy]) VALUES (4, N'Service', 1, 1, 1, 0, 0, CAST(0x00009E0401268FD0 AS DateTime), CAST(0x00009E3800E65B18 AS DateTime), NULL, NULL, NULL, NULL)
SET IDENTITY_INSERT [dbo].[Aspx_ItemType] OFF

TRUNCATE TABLE [dbo].[Aspx_ItemTypeAttributes] 

/****** Object:  Table [dbo].[Aspx_ItemTypeAttributes]    Script Date: 05/17/2012 11:15:57 ******/
INSERT [dbo].[Aspx_ItemTypeAttributes] ([ItemTypeID], [AttributeID], [IsIncludeInPriceRule], [IsSystemUsed], [StoreID], [PortalID], [IsActive], [IsDeleted], [IsModified], [AddedOn], [UpdatedOn], [DeletedOn], [AddedBy], [UpdatedBy], [DeletedBy]) VALUES (1, 1, 1, 1, 1, 1, 1, 0, 0, CAST(0x00009ECC00BCEA1C AS DateTime), CAST(0x00009ECC00BCEA1C AS DateTime), NULL, N'superuser', NULL, NULL)
INSERT [dbo].[Aspx_ItemTypeAttributes] ([ItemTypeID], [AttributeID], [IsIncludeInPriceRule], [IsSystemUsed], [StoreID], [PortalID], [IsActive], [IsDeleted], [IsModified], [AddedOn], [UpdatedOn], [DeletedOn], [AddedBy], [UpdatedBy], [DeletedBy]) VALUES (2, 1, 1, 1, 1, 1, 1, 0, 0, CAST(0x00009ECC00BCEA1C AS DateTime), CAST(0x00009ECC00BCEA1C AS DateTime), NULL, N'superuser', NULL, NULL)
INSERT [dbo].[Aspx_ItemTypeAttributes] ([ItemTypeID], [AttributeID], [IsIncludeInPriceRule], [IsSystemUsed], [StoreID], [PortalID], [IsActive], [IsDeleted], [IsModified], [AddedOn], [UpdatedOn], [DeletedOn], [AddedBy], [UpdatedBy], [DeletedBy]) VALUES (1, 2, 1, 1, 1, 1, 1, 0, 0, CAST(0x00009E53011C964C AS DateTime), CAST(0x00009E53011C964C AS DateTime), NULL, N'superuser', NULL, NULL)
INSERT [dbo].[Aspx_ItemTypeAttributes] ([ItemTypeID], [AttributeID], [IsIncludeInPriceRule], [IsSystemUsed], [StoreID], [PortalID], [IsActive], [IsDeleted], [IsModified], [AddedOn], [UpdatedOn], [DeletedOn], [AddedBy], [UpdatedBy], [DeletedBy]) VALUES (2, 2, 1, 1, 1, 1, 1, 0, 0, CAST(0x00009E53011C964C AS DateTime), CAST(0x00009E53011C964C AS DateTime), NULL, N'superuser', NULL, NULL)
INSERT [dbo].[Aspx_ItemTypeAttributes] ([ItemTypeID], [AttributeID], [IsIncludeInPriceRule], [IsSystemUsed], [StoreID], [PortalID], [IsActive], [IsDeleted], [IsModified], [AddedOn], [UpdatedOn], [DeletedOn], [AddedBy], [UpdatedBy], [DeletedBy]) VALUES (1, 3, 1, 1, 1, 1, 1, 0, 0, CAST(0x00009E53011CA0D8 AS DateTime), CAST(0x00009E53011CA0D8 AS DateTime), NULL, N'superuser', NULL, NULL)
INSERT [dbo].[Aspx_ItemTypeAttributes] ([ItemTypeID], [AttributeID], [IsIncludeInPriceRule], [IsSystemUsed], [StoreID], [PortalID], [IsActive], [IsDeleted], [IsModified], [AddedOn], [UpdatedOn], [DeletedOn], [AddedBy], [UpdatedBy], [DeletedBy]) VALUES (2, 3, 1, 1, 1, 1, 1, 0, 0, CAST(0x00009E53011CA0D8 AS DateTime), CAST(0x00009E53011CA0D8 AS DateTime), NULL, N'superuser', NULL, NULL)
INSERT [dbo].[Aspx_ItemTypeAttributes] ([ItemTypeID], [AttributeID], [IsIncludeInPriceRule], [IsSystemUsed], [StoreID], [PortalID], [IsActive], [IsDeleted], [IsModified], [AddedOn], [UpdatedOn], [DeletedOn], [AddedBy], [UpdatedBy], [DeletedBy]) VALUES (1, 4, 1, 1, 1, 1, 1, 0, 0, CAST(0x00009E5500EBAA78 AS DateTime), CAST(0x00009E5500EBAA78 AS DateTime), NULL, N'superuser', NULL, NULL)
INSERT [dbo].[Aspx_ItemTypeAttributes] ([ItemTypeID], [AttributeID], [IsIncludeInPriceRule], [IsSystemUsed], [StoreID], [PortalID], [IsActive], [IsDeleted], [IsModified], [AddedOn], [UpdatedOn], [DeletedOn], [AddedBy], [UpdatedBy], [DeletedBy]) VALUES (2, 4, 1, 1, 1, 1, 1, 0, 0, CAST(0x00009E5500EBAA78 AS DateTime), CAST(0x00009E5500EBAA78 AS DateTime), NULL, N'superuser', NULL, NULL)
INSERT [dbo].[Aspx_ItemTypeAttributes] ([ItemTypeID], [AttributeID], [IsIncludeInPriceRule], [IsSystemUsed], [StoreID], [PortalID], [IsActive], [IsDeleted], [IsModified], [AddedOn], [UpdatedOn], [DeletedOn], [AddedBy], [UpdatedBy], [DeletedBy]) VALUES (1, 5, 0, 1, 1, 1, 1, 0, 0, CAST(0x00009E53011CB26C AS DateTime), CAST(0x00009E53011CB26C AS DateTime), NULL, N'superuser', NULL, NULL)
INSERT [dbo].[Aspx_ItemTypeAttributes] ([ItemTypeID], [AttributeID], [IsIncludeInPriceRule], [IsSystemUsed], [StoreID], [PortalID], [IsActive], [IsDeleted], [IsModified], [AddedOn], [UpdatedOn], [DeletedOn], [AddedBy], [UpdatedBy], [DeletedBy]) VALUES (2, 5, 0, 1, 1, 1, 1, 0, 0, CAST(0x00009E53011CB26C AS DateTime), CAST(0x00009E53011CB26C AS DateTime), NULL, N'superuser', NULL, NULL)
INSERT [dbo].[Aspx_ItemTypeAttributes] ([ItemTypeID], [AttributeID], [IsIncludeInPriceRule], [IsSystemUsed], [StoreID], [PortalID], [IsActive], [IsDeleted], [IsModified], [AddedOn], [UpdatedOn], [DeletedOn], [AddedBy], [UpdatedBy], [DeletedBy]) VALUES (1, 6, 0, 1, 1, 1, 1, 0, 0, CAST(0x00009F5E00EAB155 AS DateTime), CAST(0x00009F5E00EAB155 AS DateTime), NULL, N'superuser', NULL, NULL)
INSERT [dbo].[Aspx_ItemTypeAttributes] ([ItemTypeID], [AttributeID], [IsIncludeInPriceRule], [IsSystemUsed], [StoreID], [PortalID], [IsActive], [IsDeleted], [IsModified], [AddedOn], [UpdatedOn], [DeletedOn], [AddedBy], [UpdatedBy], [DeletedBy]) VALUES (2, 6, 0, 1, 1, 1, 1, 0, 0, CAST(0x00009F5E00EAB155 AS DateTime), CAST(0x00009F5E00EAB155 AS DateTime), NULL, N'superuser', NULL, NULL)
INSERT [dbo].[Aspx_ItemTypeAttributes] ([ItemTypeID], [AttributeID], [IsIncludeInPriceRule], [IsSystemUsed], [StoreID], [PortalID], [IsActive], [IsDeleted], [IsModified], [AddedOn], [UpdatedOn], [DeletedOn], [AddedBy], [UpdatedBy], [DeletedBy]) VALUES (1, 7, 0, 1, 1, 1, 1, 0, 0, CAST(0x00009F5E00EABA36 AS DateTime), CAST(0x00009F5E00EABA36 AS DateTime), NULL, N'superuser', NULL, NULL)
INSERT [dbo].[Aspx_ItemTypeAttributes] ([ItemTypeID], [AttributeID], [IsIncludeInPriceRule], [IsSystemUsed], [StoreID], [PortalID], [IsActive], [IsDeleted], [IsModified], [AddedOn], [UpdatedOn], [DeletedOn], [AddedBy], [UpdatedBy], [DeletedBy]) VALUES (2, 7, 0, 1, 1, 1, 1, 0, 0, CAST(0x00009F5E00EABA36 AS DateTime), CAST(0x00009F5E00EABA36 AS DateTime), NULL, N'superuser', NULL, NULL)
INSERT [dbo].[Aspx_ItemTypeAttributes] ([ItemTypeID], [AttributeID], [IsIncludeInPriceRule], [IsSystemUsed], [StoreID], [PortalID], [IsActive], [IsDeleted], [IsModified], [AddedOn], [UpdatedOn], [DeletedOn], [AddedBy], [UpdatedBy], [DeletedBy]) VALUES (1, 8, 1, 1, 1, 1, 1, 0, 0, CAST(0x00009F5E00EAD737 AS DateTime), CAST(0x00009F5E00EAD737 AS DateTime), NULL, N'superuser', NULL, NULL)
INSERT [dbo].[Aspx_ItemTypeAttributes] ([ItemTypeID], [AttributeID], [IsIncludeInPriceRule], [IsSystemUsed], [StoreID], [PortalID], [IsActive], [IsDeleted], [IsModified], [AddedOn], [UpdatedOn], [DeletedOn], [AddedBy], [UpdatedBy], [DeletedBy]) VALUES (2, 8, 1, 1, 1, 1, 1, 0, 0, CAST(0x00009F5E00EAD737 AS DateTime), CAST(0x00009F5E00EAD737 AS DateTime), NULL, N'superuser', NULL, NULL)
INSERT [dbo].[Aspx_ItemTypeAttributes] ([ItemTypeID], [AttributeID], [IsIncludeInPriceRule], [IsSystemUsed], [StoreID], [PortalID], [IsActive], [IsDeleted], [IsModified], [AddedOn], [UpdatedOn], [DeletedOn], [AddedBy], [UpdatedBy], [DeletedBy]) VALUES (1, 9, 0, 1, 1, 1, 1, 0, 0, CAST(0x00009F2400EF74C8 AS DateTime), CAST(0x00009F2400EF74C8 AS DateTime), NULL, N'superuser', NULL, NULL)
INSERT [dbo].[Aspx_ItemTypeAttributes] ([ItemTypeID], [AttributeID], [IsIncludeInPriceRule], [IsSystemUsed], [StoreID], [PortalID], [IsActive], [IsDeleted], [IsModified], [AddedOn], [UpdatedOn], [DeletedOn], [AddedBy], [UpdatedBy], [DeletedBy]) VALUES (2, 9, 0, 1, 1, 1, 1, 0, 0, CAST(0x00009F2400EF7F54 AS DateTime), CAST(0x00009F2400EF7F54 AS DateTime), NULL, N'superuser', NULL, NULL)
INSERT [dbo].[Aspx_ItemTypeAttributes] ([ItemTypeID], [AttributeID], [IsIncludeInPriceRule], [IsSystemUsed], [StoreID], [PortalID], [IsActive], [IsDeleted], [IsModified], [AddedOn], [UpdatedOn], [DeletedOn], [AddedBy], [UpdatedBy], [DeletedBy]) VALUES (1, 10, 0, 1, 1, 1, 1, 0, 0, CAST(0x00009F2400EF8788 AS DateTime), CAST(0x00009F2400EF8788 AS DateTime), NULL, N'superuser', NULL, NULL)
INSERT [dbo].[Aspx_ItemTypeAttributes] ([ItemTypeID], [AttributeID], [IsIncludeInPriceRule], [IsSystemUsed], [StoreID], [PortalID], [IsActive], [IsDeleted], [IsModified], [AddedOn], [UpdatedOn], [DeletedOn], [AddedBy], [UpdatedBy], [DeletedBy]) VALUES (2, 10, 0, 1, 1, 1, 1, 0, 0, CAST(0x00009F2400EF89E0 AS DateTime), CAST(0x00009F2400EF89E0 AS DateTime), NULL, N'superuser', NULL, NULL)
INSERT [dbo].[Aspx_ItemTypeAttributes] ([ItemTypeID], [AttributeID], [IsIncludeInPriceRule], [IsSystemUsed], [StoreID], [PortalID], [IsActive], [IsDeleted], [IsModified], [AddedOn], [UpdatedOn], [DeletedOn], [AddedBy], [UpdatedBy], [DeletedBy]) VALUES (1, 11, 0, 1, 1, 1, 1, 0, 0, CAST(0x00009F2400EF8FBC AS DateTime), CAST(0x00009F2400EF8FBC AS DateTime), NULL, N'superuser', NULL, NULL)
INSERT [dbo].[Aspx_ItemTypeAttributes] ([ItemTypeID], [AttributeID], [IsIncludeInPriceRule], [IsSystemUsed], [StoreID], [PortalID], [IsActive], [IsDeleted], [IsModified], [AddedOn], [UpdatedOn], [DeletedOn], [AddedBy], [UpdatedBy], [DeletedBy]) VALUES (2, 11, 0, 1, 1, 1, 1, 0, 0, CAST(0x00009F2400EF9214 AS DateTime), CAST(0x00009F2400EF9214 AS DateTime), NULL, N'superuser', NULL, NULL)
INSERT [dbo].[Aspx_ItemTypeAttributes] ([ItemTypeID], [AttributeID], [IsIncludeInPriceRule], [IsSystemUsed], [StoreID], [PortalID], [IsActive], [IsDeleted], [IsModified], [AddedOn], [UpdatedOn], [DeletedOn], [AddedBy], [UpdatedBy], [DeletedBy]) VALUES (1, 13, 1, 1, 1, 1, 1, 0, 0, CAST(0x00009F5E00EB1C0C AS DateTime), CAST(0x00009F5E00EB1C0C AS DateTime), NULL, N'superuser', NULL, NULL)
INSERT [dbo].[Aspx_ItemTypeAttributes] ([ItemTypeID], [AttributeID], [IsIncludeInPriceRule], [IsSystemUsed], [StoreID], [PortalID], [IsActive], [IsDeleted], [IsModified], [AddedOn], [UpdatedOn], [DeletedOn], [AddedBy], [UpdatedBy], [DeletedBy]) VALUES (2, 13, 1, 1, 1, 1, 1, 0, 0, CAST(0x00009F5E00EB1C0C AS DateTime), CAST(0x00009F5E00EB1C0C AS DateTime), NULL, N'superuser', NULL, NULL)
INSERT [dbo].[Aspx_ItemTypeAttributes] ([ItemTypeID], [AttributeID], [IsIncludeInPriceRule], [IsSystemUsed], [StoreID], [PortalID], [IsActive], [IsDeleted], [IsModified], [AddedOn], [UpdatedOn], [DeletedOn], [AddedBy], [UpdatedBy], [DeletedBy]) VALUES (1, 14, 0, 1, 1, 1, 1, 0, 0, CAST(0x00009F2400EFA858 AS DateTime), CAST(0x00009F2400EFA858 AS DateTime), NULL, N'superuser', NULL, NULL)
INSERT [dbo].[Aspx_ItemTypeAttributes] ([ItemTypeID], [AttributeID], [IsIncludeInPriceRule], [IsSystemUsed], [StoreID], [PortalID], [IsActive], [IsDeleted], [IsModified], [AddedOn], [UpdatedOn], [DeletedOn], [AddedBy], [UpdatedBy], [DeletedBy]) VALUES (2, 14, 0, 1, 1, 1, 1, 0, 0, CAST(0x00009F2400EFAAB0 AS DateTime), CAST(0x00009F2400EFAAB0 AS DateTime), NULL, N'superuser', NULL, NULL)
INSERT [dbo].[Aspx_ItemTypeAttributes] ([ItemTypeID], [AttributeID], [IsIncludeInPriceRule], [IsSystemUsed], [StoreID], [PortalID], [IsActive], [IsDeleted], [IsModified], [AddedOn], [UpdatedOn], [DeletedOn], [AddedBy], [UpdatedBy], [DeletedBy]) VALUES (1, 15, 0, 1, 1, 1, 1, 0, 0, CAST(0x00009F2400EFAF60 AS DateTime), CAST(0x00009F2400EFAF60 AS DateTime), NULL, N'superuser', NULL, NULL)
INSERT [dbo].[Aspx_ItemTypeAttributes] ([ItemTypeID], [AttributeID], [IsIncludeInPriceRule], [IsSystemUsed], [StoreID], [PortalID], [IsActive], [IsDeleted], [IsModified], [AddedOn], [UpdatedOn], [DeletedOn], [AddedBy], [UpdatedBy], [DeletedBy]) VALUES (2, 15, 0, 1, 1, 1, 1, 0, 0, CAST(0x00009F2400EFB1B8 AS DateTime), CAST(0x00009F2400EFB1B8 AS DateTime), NULL, N'superuser', NULL, NULL)
INSERT [dbo].[Aspx_ItemTypeAttributes] ([ItemTypeID], [AttributeID], [IsIncludeInPriceRule], [IsSystemUsed], [StoreID], [PortalID], [IsActive], [IsDeleted], [IsModified], [AddedOn], [UpdatedOn], [DeletedOn], [AddedBy], [UpdatedBy], [DeletedBy]) VALUES (1, 19, 0, 1, 1, 1, 1, 0, 0, CAST(0x00009F2400EFCF04 AS DateTime), CAST(0x00009F2400EFCF04 AS DateTime), NULL, N'superuser', NULL, NULL)
INSERT [dbo].[Aspx_ItemTypeAttributes] ([ItemTypeID], [AttributeID], [IsIncludeInPriceRule], [IsSystemUsed], [StoreID], [PortalID], [IsActive], [IsDeleted], [IsModified], [AddedOn], [UpdatedOn], [DeletedOn], [AddedBy], [UpdatedBy], [DeletedBy]) VALUES (2, 19, 0, 1, 1, 1, 1, 0, 0, CAST(0x00009F2400EFD030 AS DateTime), CAST(0x00009F2400EFD030 AS DateTime), NULL, N'superuser', NULL, NULL)
INSERT [dbo].[Aspx_ItemTypeAttributes] ([ItemTypeID], [AttributeID], [IsIncludeInPriceRule], [IsSystemUsed], [StoreID], [PortalID], [IsActive], [IsDeleted], [IsModified], [AddedOn], [UpdatedOn], [DeletedOn], [AddedBy], [UpdatedBy], [DeletedBy]) VALUES (1, 20, 0, 1, 1, 1, 1, 0, 0, CAST(0x00009F2400EFD60C AS DateTime), CAST(0x00009F2400EFD60C AS DateTime), NULL, N'superuser', NULL, NULL)
INSERT [dbo].[Aspx_ItemTypeAttributes] ([ItemTypeID], [AttributeID], [IsIncludeInPriceRule], [IsSystemUsed], [StoreID], [PortalID], [IsActive], [IsDeleted], [IsModified], [AddedOn], [UpdatedOn], [DeletedOn], [AddedBy], [UpdatedBy], [DeletedBy]) VALUES (2, 20, 0, 1, 1, 1, 1, 0, 0, CAST(0x00009F2400EFD864 AS DateTime), CAST(0x00009F2400EFD864 AS DateTime), NULL, N'superuser', NULL, NULL)
INSERT [dbo].[Aspx_ItemTypeAttributes] ([ItemTypeID], [AttributeID], [IsIncludeInPriceRule], [IsSystemUsed], [StoreID], [PortalID], [IsActive], [IsDeleted], [IsModified], [AddedOn], [UpdatedOn], [DeletedOn], [AddedBy], [UpdatedBy], [DeletedBy]) VALUES (1, 23, 0, 1, 1, 1, 1, 0, 0, CAST(0x00009F2400EFDF6C AS DateTime), CAST(0x00009F2400EFDF6C AS DateTime), NULL, N'superuser', NULL, NULL)
INSERT [dbo].[Aspx_ItemTypeAttributes] ([ItemTypeID], [AttributeID], [IsIncludeInPriceRule], [IsSystemUsed], [StoreID], [PortalID], [IsActive], [IsDeleted], [IsModified], [AddedOn], [UpdatedOn], [DeletedOn], [AddedBy], [UpdatedBy], [DeletedBy]) VALUES (2, 23, 0, 1, 1, 1, 1, 0, 0, CAST(0x00009F2400EFDD14 AS DateTime), CAST(0x00009F2400EFDD14 AS DateTime), NULL, N'superuser', NULL, NULL)
INSERT [dbo].[Aspx_ItemTypeAttributes] ([ItemTypeID], [AttributeID], [IsIncludeInPriceRule], [IsSystemUsed], [StoreID], [PortalID], [IsActive], [IsDeleted], [IsModified], [AddedOn], [UpdatedOn], [DeletedOn], [AddedBy], [UpdatedBy], [DeletedBy]) VALUES (1, 24, 0, 1, 1, 1, 1, 0, 0, CAST(0x00009F2400EFEFD4 AS DateTime), CAST(0x00009F2400EFEFD4 AS DateTime), NULL, N'superuser', NULL, NULL)
INSERT [dbo].[Aspx_ItemTypeAttributes] ([ItemTypeID], [AttributeID], [IsIncludeInPriceRule], [IsSystemUsed], [StoreID], [PortalID], [IsActive], [IsDeleted], [IsModified], [AddedOn], [UpdatedOn], [DeletedOn], [AddedBy], [UpdatedBy], [DeletedBy]) VALUES (2, 24, 0, 1, 1, 1, 1, 0, 0, CAST(0x00009F2400EFF358 AS DateTime), CAST(0x00009F2400EFF358 AS DateTime), NULL, N'superuser', NULL, NULL)
INSERT [dbo].[Aspx_ItemTypeAttributes] ([ItemTypeID], [AttributeID], [IsIncludeInPriceRule], [IsSystemUsed], [StoreID], [PortalID], [IsActive], [IsDeleted], [IsModified], [AddedOn], [UpdatedOn], [DeletedOn], [AddedBy], [UpdatedBy], [DeletedBy]) VALUES (1, 25, 0, 1, 1, 1, 1, 0, 0, CAST(0x00009F2400EFF6DC AS DateTime), CAST(0x00009F2400EFF6DC AS DateTime), NULL, N'superuser', NULL, NULL)
INSERT [dbo].[Aspx_ItemTypeAttributes] ([ItemTypeID], [AttributeID], [IsIncludeInPriceRule], [IsSystemUsed], [StoreID], [PortalID], [IsActive], [IsDeleted], [IsModified], [AddedOn], [UpdatedOn], [DeletedOn], [AddedBy], [UpdatedBy], [DeletedBy]) VALUES (2, 25, 0, 1, 1, 1, 1, 0, 0, CAST(0x00009F2400EFFA60 AS DateTime), CAST(0x00009F2400EFFA60 AS DateTime), NULL, N'superuser', NULL, NULL)
INSERT [dbo].[Aspx_ItemTypeAttributes] ([ItemTypeID], [AttributeID], [IsIncludeInPriceRule], [IsSystemUsed], [StoreID], [PortalID], [IsActive], [IsDeleted], [IsModified], [AddedOn], [UpdatedOn], [DeletedOn], [AddedBy], [UpdatedBy], [DeletedBy]) VALUES (1, 26, 0, 1, 1, 1, 1, 0, 0, CAST(0x00009F2400EFFDE4 AS DateTime), CAST(0x00009F2400EFFDE4 AS DateTime), NULL, N'superuser', NULL, NULL)
INSERT [dbo].[Aspx_ItemTypeAttributes] ([ItemTypeID], [AttributeID], [IsIncludeInPriceRule], [IsSystemUsed], [StoreID], [PortalID], [IsActive], [IsDeleted], [IsModified], [AddedOn], [UpdatedOn], [DeletedOn], [AddedBy], [UpdatedBy], [DeletedBy]) VALUES (2, 26, 0, 1, 1, 1, 1, 0, 0, CAST(0x00009F2400F0003C AS DateTime), CAST(0x00009F2400F0003C AS DateTime), NULL, N'superuser', NULL, NULL)
INSERT [dbo].[Aspx_ItemTypeAttributes] ([ItemTypeID], [AttributeID], [IsIncludeInPriceRule], [IsSystemUsed], [StoreID], [PortalID], [IsActive], [IsDeleted], [IsModified], [AddedOn], [UpdatedOn], [DeletedOn], [AddedBy], [UpdatedBy], [DeletedBy]) VALUES (1, 27, 0, 1, 1, 1, 1, 0, 0, CAST(0x00009F2400F003C0 AS DateTime), CAST(0x00009F2400F003C0 AS DateTime), NULL, N'superuser', NULL, NULL)
INSERT [dbo].[Aspx_ItemTypeAttributes] ([ItemTypeID], [AttributeID], [IsIncludeInPriceRule], [IsSystemUsed], [StoreID], [PortalID], [IsActive], [IsDeleted], [IsModified], [AddedOn], [UpdatedOn], [DeletedOn], [AddedBy], [UpdatedBy], [DeletedBy]) VALUES (2, 27, 0, 1, 1, 1, 1, 0, 0, CAST(0x00009F2400F00618 AS DateTime), CAST(0x00009F2400F00618 AS DateTime), NULL, N'superuser', NULL, NULL)
INSERT [dbo].[Aspx_ItemTypeAttributes] ([ItemTypeID], [AttributeID], [IsIncludeInPriceRule], [IsSystemUsed], [StoreID], [PortalID], [IsActive], [IsDeleted], [IsModified], [AddedOn], [UpdatedOn], [DeletedOn], [AddedBy], [UpdatedBy], [DeletedBy]) VALUES (1, 28, 0, 1, 1, 1, 1, 0, 0, CAST(0x00009F2400F0099C AS DateTime), CAST(0x00009F2400F0099C AS DateTime), NULL, N'superuser', NULL, NULL)
INSERT [dbo].[Aspx_ItemTypeAttributes] ([ItemTypeID], [AttributeID], [IsIncludeInPriceRule], [IsSystemUsed], [StoreID], [PortalID], [IsActive], [IsDeleted], [IsModified], [AddedOn], [UpdatedOn], [DeletedOn], [AddedBy], [UpdatedBy], [DeletedBy]) VALUES (2, 28, 0, 1, 1, 1, 1, 0, 0, CAST(0x00009F2400F00D20 AS DateTime), CAST(0x00009F2400F00D20 AS DateTime), NULL, N'superuser', NULL, NULL)
INSERT [dbo].[Aspx_ItemTypeAttributes] ([ItemTypeID], [AttributeID], [IsIncludeInPriceRule], [IsSystemUsed], [StoreID], [PortalID], [IsActive], [IsDeleted], [IsModified], [AddedOn], [UpdatedOn], [DeletedOn], [AddedBy], [UpdatedBy], [DeletedBy]) VALUES (1, 29, 0, 1, 1, 1, 1, 0, 0, CAST(0x00009F2400F011D0 AS DateTime), CAST(0x00009F2400F011D0 AS DateTime), NULL, N'superuser', NULL, NULL)
INSERT [dbo].[Aspx_ItemTypeAttributes] ([ItemTypeID], [AttributeID], [IsIncludeInPriceRule], [IsSystemUsed], [StoreID], [PortalID], [IsActive], [IsDeleted], [IsModified], [AddedOn], [UpdatedOn], [DeletedOn], [AddedBy], [UpdatedBy], [DeletedBy]) VALUES (2, 29, 0, 1, 1, 1, 1, 0, 0, CAST(0x00009F2400F01428 AS DateTime), CAST(0x00009F2400F01428 AS DateTime), NULL, N'superuser', NULL, NULL)
INSERT [dbo].[Aspx_ItemTypeAttributes] ([ItemTypeID], [AttributeID], [IsIncludeInPriceRule], [IsSystemUsed], [StoreID], [PortalID], [IsActive], [IsDeleted], [IsModified], [AddedOn], [UpdatedOn], [DeletedOn], [AddedBy], [UpdatedBy], [DeletedBy]) VALUES (1, 30, 0, 1, 1, 1, 1, 0, 0, CAST(0x00009F5E00EBC6CB AS DateTime), CAST(0x00009F5E00EBC6CB AS DateTime), NULL, N'superuser', NULL, NULL)
INSERT [dbo].[Aspx_ItemTypeAttributes] ([ItemTypeID], [AttributeID], [IsIncludeInPriceRule], [IsSystemUsed], [StoreID], [PortalID], [IsActive], [IsDeleted], [IsModified], [AddedOn], [UpdatedOn], [DeletedOn], [AddedBy], [UpdatedBy], [DeletedBy]) VALUES (2, 30, 0, 1, 1, 1, 1, 0, 0, CAST(0x00009F5E00EBC6CB AS DateTime), CAST(0x00009F5E00EBC6CB AS DateTime), NULL, N'superuser', NULL, NULL)
INSERT [dbo].[Aspx_ItemTypeAttributes] ([ItemTypeID], [AttributeID], [IsIncludeInPriceRule], [IsSystemUsed], [StoreID], [PortalID], [IsActive], [IsDeleted], [IsModified], [AddedOn], [UpdatedOn], [DeletedOn], [AddedBy], [UpdatedBy], [DeletedBy]) VALUES (1, 31, 0, 1, 1, 1, 1, 0, 0, CAST(0x00009F5E00EBD24A AS DateTime), CAST(0x00009F5E00EBD24A AS DateTime), NULL, N'superuser', NULL, NULL)
INSERT [dbo].[Aspx_ItemTypeAttributes] ([ItemTypeID], [AttributeID], [IsIncludeInPriceRule], [IsSystemUsed], [StoreID], [PortalID], [IsActive], [IsDeleted], [IsModified], [AddedOn], [UpdatedOn], [DeletedOn], [AddedBy], [UpdatedBy], [DeletedBy]) VALUES (2, 31, 0, 1, 1, 1, 1, 0, 0, CAST(0x00009F5E00EBD24A AS DateTime), CAST(0x00009F5E00EBD24A AS DateTime), NULL, N'superuser', NULL, NULL)
INSERT [dbo].[Aspx_ItemTypeAttributes] ([ItemTypeID], [AttributeID], [IsIncludeInPriceRule], [IsSystemUsed], [StoreID], [PortalID], [IsActive], [IsDeleted], [IsModified], [AddedOn], [UpdatedOn], [DeletedOn], [AddedBy], [UpdatedBy], [DeletedBy]) VALUES (1, 32, 0, 0, 1, 1, 1, 0, 0, CAST(0x0000A11C01157F8E AS DateTime), CAST(0x0000A11C01157F8E AS DateTime), NULL, N'superuser', NULL, NULL)
INSERT [dbo].[Aspx_ItemTypeAttributes] ([ItemTypeID], [AttributeID], [IsIncludeInPriceRule], [IsSystemUsed], [StoreID], [PortalID], [IsActive], [IsDeleted], [IsModified], [AddedOn], [UpdatedOn], [DeletedOn], [AddedBy], [UpdatedBy], [DeletedBy]) VALUES (1, 33, 0, 0, 1, 1, 1, 0, 0, CAST(0x0000A11C011589AE AS DateTime), CAST(0x0000A11C011589AE AS DateTime), NULL, N'superuser', NULL, NULL)
INSERT [dbo].[Aspx_ItemTypeAttributes] ([ItemTypeID], [AttributeID], [IsIncludeInPriceRule], [IsSystemUsed], [StoreID], [PortalID], [IsActive], [IsDeleted], [IsModified], [AddedOn], [UpdatedOn], [DeletedOn], [AddedBy], [UpdatedBy], [DeletedBy]) VALUES (1, 34, 0, 0, 1, 1, 1, 0, 0, CAST(0x0000A11C01159286 AS DateTime), CAST(0x0000A11C01159286 AS DateTime), NULL, N'superuser', NULL, NULL)
INSERT [dbo].[Aspx_ItemTypeAttributes] ([ItemTypeID], [AttributeID], [IsIncludeInPriceRule], [IsSystemUsed], [StoreID], [PortalID], [IsActive], [IsDeleted], [IsModified], [AddedOn], [UpdatedOn], [DeletedOn], [AddedBy], [UpdatedBy], [DeletedBy]) VALUES (3, 1, 1, 1, 1, 1, 1, 0, 0, CAST(0x0000A0BA00DA142C AS DateTime), CAST(0x0000A0BA00DA142C AS DateTime), NULL, N'superuser', NULL, NULL)
INSERT [dbo].[Aspx_ItemTypeAttributes] ([ItemTypeID], [AttributeID], [IsIncludeInPriceRule], [IsSystemUsed], [StoreID], [PortalID], [IsActive], [IsDeleted], [IsModified], [AddedOn], [UpdatedOn], [DeletedOn], [AddedBy], [UpdatedBy], [DeletedBy]) VALUES (3, 2, 1, 1, 1, 1, 1, 0, 0, CAST(0x0000A0BA00DA142C AS DateTime), CAST(0x0000A0BA00DA142C AS DateTime), NULL, N'superuser', NULL, NULL)
INSERT [dbo].[Aspx_ItemTypeAttributes] ([ItemTypeID], [AttributeID], [IsIncludeInPriceRule], [IsSystemUsed], [StoreID], [PortalID], [IsActive], [IsDeleted], [IsModified], [AddedOn], [UpdatedOn], [DeletedOn], [AddedBy], [UpdatedBy], [DeletedBy]) VALUES (3, 3, 1, 1, 1, 1, 1, 0, 0, CAST(0x0000A0BA00DA142C AS DateTime), CAST(0x0000A0BA00DA142C AS DateTime), NULL, N'superuser', NULL, NULL)
INSERT [dbo].[Aspx_ItemTypeAttributes] ([ItemTypeID], [AttributeID], [IsIncludeInPriceRule], [IsSystemUsed], [StoreID], [PortalID], [IsActive], [IsDeleted], [IsModified], [AddedOn], [UpdatedOn], [DeletedOn], [AddedBy], [UpdatedBy], [DeletedBy]) VALUES (3, 4, 1, 1, 1, 1, 1, 0, 0, CAST(0x0000A0BA00DA142C AS DateTime), CAST(0x0000A0BA00DA142C AS DateTime), NULL, N'superuser', NULL, NULL)
INSERT [dbo].[Aspx_ItemTypeAttributes] ([ItemTypeID], [AttributeID], [IsIncludeInPriceRule], [IsSystemUsed], [StoreID], [PortalID], [IsActive], [IsDeleted], [IsModified], [AddedOn], [UpdatedOn], [DeletedOn], [AddedBy], [UpdatedBy], [DeletedBy]) VALUES (3, 5, 0, 1, 1, 1, 1, 0, 0, CAST(0x0000A0BA00DA142C AS DateTime), CAST(0x0000A0BA00DA142C AS DateTime), NULL, N'superuser', NULL, NULL)
INSERT [dbo].[Aspx_ItemTypeAttributes] ([ItemTypeID], [AttributeID], [IsIncludeInPriceRule], [IsSystemUsed], [StoreID], [PortalID], [IsActive], [IsDeleted], [IsModified], [AddedOn], [UpdatedOn], [DeletedOn], [AddedBy], [UpdatedBy], [DeletedBy]) VALUES (3, 6, 0, 1, 1, 1, 1, 0, 0, CAST(0x0000A0BA00DA142C AS DateTime), CAST(0x0000A0BA00DA142C AS DateTime), NULL, N'superuser', NULL, NULL)
INSERT [dbo].[Aspx_ItemTypeAttributes] ([ItemTypeID], [AttributeID], [IsIncludeInPriceRule], [IsSystemUsed], [StoreID], [PortalID], [IsActive], [IsDeleted], [IsModified], [AddedOn], [UpdatedOn], [DeletedOn], [AddedBy], [UpdatedBy], [DeletedBy]) VALUES (3, 7, 0, 1, 1, 1, 1, 0, 0, CAST(0x0000A0BA00DA142C AS DateTime), CAST(0x0000A0BA00DA142C AS DateTime), NULL, N'superuser', NULL, NULL)
INSERT [dbo].[Aspx_ItemTypeAttributes] ([ItemTypeID], [AttributeID], [IsIncludeInPriceRule], [IsSystemUsed], [StoreID], [PortalID], [IsActive], [IsDeleted], [IsModified], [AddedOn], [UpdatedOn], [DeletedOn], [AddedBy], [UpdatedBy], [DeletedBy]) VALUES (3, 8, 1, 1, 1, 1, 1, 0, 0, CAST(0x0000A0BA00DA142C AS DateTime), CAST(0x0000A0BA00DA142C AS DateTime), NULL, N'superuser', NULL, NULL)
INSERT [dbo].[Aspx_ItemTypeAttributes] ([ItemTypeID], [AttributeID], [IsIncludeInPriceRule], [IsSystemUsed], [StoreID], [PortalID], [IsActive], [IsDeleted], [IsModified], [AddedOn], [UpdatedOn], [DeletedOn], [AddedBy], [UpdatedBy], [DeletedBy]) VALUES (3, 9, 0, 1, 1, 1, 1, 0, 0, CAST(0x0000A0BA00DA142C AS DateTime), CAST(0x0000A0BA00DA142C AS DateTime), NULL, N'superuser', NULL, NULL)
INSERT [dbo].[Aspx_ItemTypeAttributes] ([ItemTypeID], [AttributeID], [IsIncludeInPriceRule], [IsSystemUsed], [StoreID], [PortalID], [IsActive], [IsDeleted], [IsModified], [AddedOn], [UpdatedOn], [DeletedOn], [AddedBy], [UpdatedBy], [DeletedBy]) VALUES (3, 10, 0, 1, 1, 1, 1, 0, 0, CAST(0x0000A0BA00DA142C AS DateTime), CAST(0x0000A0BA00DA142C AS DateTime), NULL, N'superuser', NULL, NULL)
INSERT [dbo].[Aspx_ItemTypeAttributes] ([ItemTypeID], [AttributeID], [IsIncludeInPriceRule], [IsSystemUsed], [StoreID], [PortalID], [IsActive], [IsDeleted], [IsModified], [AddedOn], [UpdatedOn], [DeletedOn], [AddedBy], [UpdatedBy], [DeletedBy]) VALUES (3, 11, 0, 1, 1, 1, 1, 0, 0, CAST(0x0000A0BA00DA142C AS DateTime), CAST(0x0000A0BA00DA142C AS DateTime), NULL, N'superuser', NULL, NULL)
INSERT [dbo].[Aspx_ItemTypeAttributes] ([ItemTypeID], [AttributeID], [IsIncludeInPriceRule], [IsSystemUsed], [StoreID], [PortalID], [IsActive], [IsDeleted], [IsModified], [AddedOn], [UpdatedOn], [DeletedOn], [AddedBy], [UpdatedBy], [DeletedBy]) VALUES (3, 14, 0, 1, 1, 1, 1, 0, 0, CAST(0x0000A0BA00DA142C AS DateTime), CAST(0x0000A0BA00DA142C AS DateTime), NULL, N'superuser', NULL, NULL)
INSERT [dbo].[Aspx_ItemTypeAttributes] ([ItemTypeID], [AttributeID], [IsIncludeInPriceRule], [IsSystemUsed], [StoreID], [PortalID], [IsActive], [IsDeleted], [IsModified], [AddedOn], [UpdatedOn], [DeletedOn], [AddedBy], [UpdatedBy], [DeletedBy]) VALUES (3, 15, 0, 1, 1, 1, 1, 0, 0, CAST(0x0000A0BA00DA142C AS DateTime), CAST(0x0000A0BA00DA142C AS DateTime), NULL, N'superuser', NULL, NULL)
INSERT [dbo].[Aspx_ItemTypeAttributes] ([ItemTypeID], [AttributeID], [IsIncludeInPriceRule], [IsSystemUsed], [StoreID], [PortalID], [IsActive], [IsDeleted], [IsModified], [AddedOn], [UpdatedOn], [DeletedOn], [AddedBy], [UpdatedBy], [DeletedBy]) VALUES (3, 19, 0, 1, 1, 1, 1, 0, 0, CAST(0x0000A0BA00DA142C AS DateTime), CAST(0x0000A0BA00DA142C AS DateTime), NULL, N'superuser', NULL, NULL)
INSERT [dbo].[Aspx_ItemTypeAttributes] ([ItemTypeID], [AttributeID], [IsIncludeInPriceRule], [IsSystemUsed], [StoreID], [PortalID], [IsActive], [IsDeleted], [IsModified], [AddedOn], [UpdatedOn], [DeletedOn], [AddedBy], [UpdatedBy], [DeletedBy]) VALUES (3, 20, 0, 1, 1, 1, 1, 0, 0, CAST(0x0000A0BA00DA142C AS DateTime), CAST(0x0000A0BA00DA142C AS DateTime), NULL, N'superuser', NULL, NULL)
INSERT [dbo].[Aspx_ItemTypeAttributes] ([ItemTypeID], [AttributeID], [IsIncludeInPriceRule], [IsSystemUsed], [StoreID], [PortalID], [IsActive], [IsDeleted], [IsModified], [AddedOn], [UpdatedOn], [DeletedOn], [AddedBy], [UpdatedBy], [DeletedBy]) VALUES (3, 23, 0, 1, 1, 1, 1, 0, 0, CAST(0x00009F2400EFDD14 AS DateTime), CAST(0x00009F2400EFDD14 AS DateTime), NULL, N'superuser', NULL, NULL)
INSERT [dbo].[Aspx_ItemTypeAttributes] ([ItemTypeID], [AttributeID], [IsIncludeInPriceRule], [IsSystemUsed], [StoreID], [PortalID], [IsActive], [IsDeleted], [IsModified], [AddedOn], [UpdatedOn], [DeletedOn], [AddedBy], [UpdatedBy], [DeletedBy]) VALUES (3, 24, 0, 1, 1, 1, 1, 0, 0, CAST(0x0000A0BA00DA142C AS DateTime), CAST(0x0000A0BA00DA142C AS DateTime), NULL, N'superuser', NULL, NULL)
INSERT [dbo].[Aspx_ItemTypeAttributes] ([ItemTypeID], [AttributeID], [IsIncludeInPriceRule], [IsSystemUsed], [StoreID], [PortalID], [IsActive], [IsDeleted], [IsModified], [AddedOn], [UpdatedOn], [DeletedOn], [AddedBy], [UpdatedBy], [DeletedBy]) VALUES (3, 25, 0, 1, 1, 1, 1, 0, 0, CAST(0x0000A0BA00DA142C AS DateTime), CAST(0x0000A0BA00DA142C AS DateTime), NULL, N'superuser', NULL, NULL)
INSERT [dbo].[Aspx_ItemTypeAttributes] ([ItemTypeID], [AttributeID], [IsIncludeInPriceRule], [IsSystemUsed], [StoreID], [PortalID], [IsActive], [IsDeleted], [IsModified], [AddedOn], [UpdatedOn], [DeletedOn], [AddedBy], [UpdatedBy], [DeletedBy]) VALUES (4, 1, 1, 1, 1, 1, 1, 0, 0, CAST(0x00009ECC00BCEA1C AS DateTime), CAST(0x00009ECC00BCEA1C AS DateTime), NULL, N'superuser', NULL, NULL)
INSERT [dbo].[Aspx_ItemTypeAttributes] ([ItemTypeID], [AttributeID], [IsIncludeInPriceRule], [IsSystemUsed], [StoreID], [PortalID], [IsActive], [IsDeleted], [IsModified], [AddedOn], [UpdatedOn], [DeletedOn], [AddedBy], [UpdatedBy], [DeletedBy]) VALUES (4, 2, 1, 1, 1, 1, 1, 0, 0, CAST(0x00009E53011C964C AS DateTime), CAST(0x00009E53011C964C AS DateTime), NULL, N'superuser', NULL, NULL)
INSERT [dbo].[Aspx_ItemTypeAttributes] ([ItemTypeID], [AttributeID], [IsIncludeInPriceRule], [IsSystemUsed], [StoreID], [PortalID], [IsActive], [IsDeleted], [IsModified], [AddedOn], [UpdatedOn], [DeletedOn], [AddedBy], [UpdatedBy], [DeletedBy]) VALUES (4, 3, 1, 1, 1, 1, 1, 0, 0, CAST(0x00009E53011CA0D8 AS DateTime), CAST(0x00009E53011CA0D8 AS DateTime), NULL, N'superuser', NULL, NULL)
INSERT [dbo].[Aspx_ItemTypeAttributes] ([ItemTypeID], [AttributeID], [IsIncludeInPriceRule], [IsSystemUsed], [StoreID], [PortalID], [IsActive], [IsDeleted], [IsModified], [AddedOn], [UpdatedOn], [DeletedOn], [AddedBy], [UpdatedBy], [DeletedBy]) VALUES (4, 4, 1, 1, 1, 1, 1, 0, 0, CAST(0x00009E5500EBAA78 AS DateTime), CAST(0x00009E5500EBAA78 AS DateTime), NULL, N'superuser', NULL, NULL)
INSERT [dbo].[Aspx_ItemTypeAttributes] ([ItemTypeID], [AttributeID], [IsIncludeInPriceRule], [IsSystemUsed], [StoreID], [PortalID], [IsActive], [IsDeleted], [IsModified], [AddedOn], [UpdatedOn], [DeletedOn], [AddedBy], [UpdatedBy], [DeletedBy]) VALUES (4, 5, 0, 1, 1, 1, 1, 0, 0, CAST(0x00009E53011CB26C AS DateTime), CAST(0x00009E53011CB26C AS DateTime), NULL, N'superuser', NULL, NULL)
INSERT [dbo].[Aspx_ItemTypeAttributes] ([ItemTypeID], [AttributeID], [IsIncludeInPriceRule], [IsSystemUsed], [StoreID], [PortalID], [IsActive], [IsDeleted], [IsModified], [AddedOn], [UpdatedOn], [DeletedOn], [AddedBy], [UpdatedBy], [DeletedBy]) VALUES (4, 6, 0, 1, 1, 1, 1, 0, 0, CAST(0x00009F5E00EAB155 AS DateTime), CAST(0x00009F5E00EAB155 AS DateTime), NULL, N'superuser', NULL, NULL)
INSERT [dbo].[Aspx_ItemTypeAttributes] ([ItemTypeID], [AttributeID], [IsIncludeInPriceRule], [IsSystemUsed], [StoreID], [PortalID], [IsActive], [IsDeleted], [IsModified], [AddedOn], [UpdatedOn], [DeletedOn], [AddedBy], [UpdatedBy], [DeletedBy]) VALUES (4, 7, 0, 1, 1, 1, 1, 0, 0, CAST(0x00009F5E00EABA36 AS DateTime), CAST(0x00009F5E00EABA36 AS DateTime), NULL, N'superuser', NULL, NULL)
INSERT [dbo].[Aspx_ItemTypeAttributes] ([ItemTypeID], [AttributeID], [IsIncludeInPriceRule], [IsSystemUsed], [StoreID], [PortalID], [IsActive], [IsDeleted], [IsModified], [AddedOn], [UpdatedOn], [DeletedOn], [AddedBy], [UpdatedBy], [DeletedBy]) VALUES (4, 8, 1, 1, 1, 1, 1, 0, 0, CAST(0x00009F5E00EAD737 AS DateTime), CAST(0x00009F5E00EAD737 AS DateTime), NULL, N'superuser', NULL, NULL)
INSERT [dbo].[Aspx_ItemTypeAttributes] ([ItemTypeID], [AttributeID], [IsIncludeInPriceRule], [IsSystemUsed], [StoreID], [PortalID], [IsActive], [IsDeleted], [IsModified], [AddedOn], [UpdatedOn], [DeletedOn], [AddedBy], [UpdatedBy], [DeletedBy]) VALUES (4, 9, 0, 1, 1, 1, 1, 0, 0, CAST(0x00009F2400EF74C8 AS DateTime), CAST(0x00009F2400EF74C8 AS DateTime), NULL, N'superuser', NULL, NULL)
INSERT [dbo].[Aspx_ItemTypeAttributes] ([ItemTypeID], [AttributeID], [IsIncludeInPriceRule], [IsSystemUsed], [StoreID], [PortalID], [IsActive], [IsDeleted], [IsModified], [AddedOn], [UpdatedOn], [DeletedOn], [AddedBy], [UpdatedBy], [DeletedBy]) VALUES (4, 10, 0, 1, 1, 1, 1, 0, 0, CAST(0x00009F2400EF8788 AS DateTime), CAST(0x00009F2400EF8788 AS DateTime), NULL, N'superuser', NULL, NULL)
INSERT [dbo].[Aspx_ItemTypeAttributes] ([ItemTypeID], [AttributeID], [IsIncludeInPriceRule], [IsSystemUsed], [StoreID], [PortalID], [IsActive], [IsDeleted], [IsModified], [AddedOn], [UpdatedOn], [DeletedOn], [AddedBy], [UpdatedBy], [DeletedBy]) VALUES (4, 11, 0, 1, 1, 1, 1, 0, 0, CAST(0x00009F2400EF8FBC AS DateTime), CAST(0x00009F2400EF8FBC AS DateTime), NULL, N'superuser', NULL, NULL)
INSERT [dbo].[Aspx_ItemTypeAttributes] ([ItemTypeID], [AttributeID], [IsIncludeInPriceRule], [IsSystemUsed], [StoreID], [PortalID], [IsActive], [IsDeleted], [IsModified], [AddedOn], [UpdatedOn], [DeletedOn], [AddedBy], [UpdatedBy], [DeletedBy]) VALUES (4, 13, 0, 1, 1, 1, 1, 0, 0, CAST(0x00009F5E00EB1C0C AS DateTime), CAST(0x00009F5E00EB1C0C AS DateTime), NULL, N'superuser', NULL, NULL)
INSERT [dbo].[Aspx_ItemTypeAttributes] ([ItemTypeID], [AttributeID], [IsIncludeInPriceRule], [IsSystemUsed], [StoreID], [PortalID], [IsActive], [IsDeleted], [IsModified], [AddedOn], [UpdatedOn], [DeletedOn], [AddedBy], [UpdatedBy], [DeletedBy]) VALUES (4, 14, 0, 1, 1, 1, 1, 0, 0, CAST(0x00009F2400EFA858 AS DateTime), CAST(0x00009F2400EFA858 AS DateTime), NULL, N'superuser', NULL, NULL)
INSERT [dbo].[Aspx_ItemTypeAttributes] ([ItemTypeID], [AttributeID], [IsIncludeInPriceRule], [IsSystemUsed], [StoreID], [PortalID], [IsActive], [IsDeleted], [IsModified], [AddedOn], [UpdatedOn], [DeletedOn], [AddedBy], [UpdatedBy], [DeletedBy]) VALUES (4, 15, 0, 1, 1, 1, 1, 0, 0, CAST(0x00009F2400EFAF60 AS DateTime), CAST(0x00009F2400EFAF60 AS DateTime), NULL, N'superuser', NULL, NULL)
INSERT [dbo].[Aspx_ItemTypeAttributes] ([ItemTypeID], [AttributeID], [IsIncludeInPriceRule], [IsSystemUsed], [StoreID], [PortalID], [IsActive], [IsDeleted], [IsModified], [AddedOn], [UpdatedOn], [DeletedOn], [AddedBy], [UpdatedBy], [DeletedBy]) VALUES (4, 19, 0, 1, 1, 1, 1, 0, 0, CAST(0x00009F2400EFCF04 AS DateTime), CAST(0x00009F2400EFCF04 AS DateTime), NULL, N'superuser', NULL, NULL)
INSERT [dbo].[Aspx_ItemTypeAttributes] ([ItemTypeID], [AttributeID], [IsIncludeInPriceRule], [IsSystemUsed], [StoreID], [PortalID], [IsActive], [IsDeleted], [IsModified], [AddedOn], [UpdatedOn], [DeletedOn], [AddedBy], [UpdatedBy], [DeletedBy]) VALUES (4, 20, 0, 1, 1, 1, 1, 0, 0, CAST(0x00009F2400EFD60C AS DateTime), CAST(0x00009F2400EFD60C AS DateTime), NULL, N'superuser', NULL, NULL)
INSERT [dbo].[Aspx_ItemTypeAttributes] ([ItemTypeID], [AttributeID], [IsIncludeInPriceRule], [IsSystemUsed], [StoreID], [PortalID], [IsActive], [IsDeleted], [IsModified], [AddedOn], [UpdatedOn], [DeletedOn], [AddedBy], [UpdatedBy], [DeletedBy]) VALUES (4, 23, 0, 1, 1, 1, 1, 0, 0, CAST(0x00009F2400EFDD14 AS DateTime), CAST(0x00009F2400EFDD14 AS DateTime), NULL, N'superuser', NULL, NULL)
INSERT [dbo].[Aspx_ItemTypeAttributes] ([ItemTypeID], [AttributeID], [IsIncludeInPriceRule], [IsSystemUsed], [StoreID], [PortalID], [IsActive], [IsDeleted], [IsModified], [AddedOn], [UpdatedOn], [DeletedOn], [AddedBy], [UpdatedBy], [DeletedBy]) VALUES (4, 24, 0, 1, 1, 1, 1, 0, 0, CAST(0x00009F2400EFEFD4 AS DateTime), CAST(0x00009F2400EFEFD4 AS DateTime), NULL, N'superuser', NULL, NULL)
INSERT [dbo].[Aspx_ItemTypeAttributes] ([ItemTypeID], [AttributeID], [IsIncludeInPriceRule], [IsSystemUsed], [StoreID], [PortalID], [IsActive], [IsDeleted], [IsModified], [AddedOn], [UpdatedOn], [DeletedOn], [AddedBy], [UpdatedBy], [DeletedBy]) VALUES (4, 25, 0, 1, 1, 1, 1, 0, 0, CAST(0x00009F2400EFF6DC AS DateTime), CAST(0x00009F2400EFF6DC AS DateTime), NULL, N'superuser', NULL, NULL)
INSERT [dbo].[Aspx_ItemTypeAttributes] ([ItemTypeID], [AttributeID], [IsIncludeInPriceRule], [IsSystemUsed], [StoreID], [PortalID], [IsActive], [IsDeleted], [IsModified], [AddedOn], [UpdatedOn], [DeletedOn], [AddedBy], [UpdatedBy], [DeletedBy]) VALUES (4, 29, 0, 1, 1, 1, 1, 0, 0, CAST(0x00009F2400EFFDE4 AS DateTime), CAST(0x00009F2400EFFDE4 AS DateTime), NULL, N'superuser', NULL, NULL)
INSERT [dbo].[Aspx_ItemTypeAttributes] ([ItemTypeID], [AttributeID], [IsIncludeInPriceRule], [IsSystemUsed], [StoreID], [PortalID], [IsActive], [IsDeleted], [IsModified], [AddedOn], [UpdatedOn], [DeletedOn], [AddedBy], [UpdatedBy], [DeletedBy]) VALUES (4, 30, 0, 1, 1, 1, 1, 0, 0, CAST(0x00009F2400F003C0 AS DateTime), CAST(0x00009F2400F003C0 AS DateTime), NULL, N'superuser', NULL, NULL)
INSERT [dbo].[Aspx_ItemTypeAttributes] ([ItemTypeID], [AttributeID], [IsIncludeInPriceRule], [IsSystemUsed], [StoreID], [PortalID], [IsActive], [IsDeleted], [IsModified], [AddedOn], [UpdatedOn], [DeletedOn], [AddedBy], [UpdatedBy], [DeletedBy]) VALUES (4, 31, 0, 1, 1, 1, 1, 0, 0, CAST(0x00009F2400F0099C AS DateTime), CAST(0x00009F2400F0099C AS DateTime), NULL, N'superuser', NULL, NULL)
INSERT [dbo].[Aspx_ItemTypeAttributes] ([ItemTypeID], [AttributeID], [IsIncludeInPriceRule], [IsSystemUsed], [StoreID], [PortalID], [IsActive], [IsDeleted], [IsModified], [AddedOn], [UpdatedOn], [DeletedOn], [AddedBy], [UpdatedBy], [DeletedBy]) VALUES (4, 35, 0, 0, 1, 1, 1, 0, 0, CAST(0x0000A10400E06F61 AS DateTime), CAST(0x0000A10400E06F61 AS DateTime), NULL, N'superuser', NULL, NULL)
INSERT [dbo].[Aspx_ItemTypeAttributes] ([ItemTypeID], [AttributeID], [IsIncludeInPriceRule], [IsSystemUsed], [StoreID], [PortalID], [IsActive], [IsDeleted], [IsModified], [AddedOn], [UpdatedOn], [DeletedOn], [AddedBy], [UpdatedBy], [DeletedBy]) VALUES (4, 37, 0, 0, 1, 1, 1, 0, 0, CAST(0x0000A10F00B949C2 AS DateTime), CAST(0x0000A10F00B949C2 AS DateTime), NULL, N'superuser', NULL, NULL)


TRUNCATE TABLE [dbo].[Aspx_ItemViewed] 
TRUNCATE TABLE [dbo].[Aspx_ItemImages] 
TRUNCATE TABLE [dbo].[Aspx_ItemImagesAlias] 
TRUNCATE TABLE [dbo].[Aspx_NewItems]
TRUNCATE TABLE [dbo].[Aspx_PromoItems] 

TRUNCATE TABLE [dbo].[Aspx_RecentlyComparedItems]
TRUNCATE TABLE [dbo].[Aspx_RelatedItems] 
TRUNCATE TABLE [dbo].[Aspx_WishItemDetails] 



--select * from dbo.Aspx_CouponType

--update Aspx_CouponType set isdeleted =0 where coupontypeid =1

--select * from modules where friendlyname like '%promo%'
--update modules set   isdeleted =0 where moduleid in(71,
--84,
--87,
--93,
--101,
--100,
--108,
--109,
--110,
--111,
--112,
--113,
--116,
--117,
--118,
--120,
--121,
--129,
--128,
--130,
--137,
--138,
--139,
--140,
--141,
--147,
--148,
--151,
--167,
--180,
--181,
--179)

--select * from pages where pagename like '%offer%'
--select * from pagemodules where pageid =165
--select * from usermodules where usermoduleid = 167
--update pages set isdeleted =0 where pageid in(57,
--58,
--67,
--68,
--69,
--70,
--71,
--78,
--79,
--80,
--85,
--108,
--115,
--127,
--128,
--129,
--143,
--149,
--151,
--154,
--156,
--157,
--158,
--159,
--160,
--163,
--164,
--166,
--165,
--167,
--168,
--169)

--select * from aspx_itemtype
--update aspx_itemtype set isdeleted = 0 where itemtypeid in(2,3,4)
----DELETE Downloadable Item, Gift Card, Service
--select * from aspx_attributeset
--update aspx_attributeset set isdeleted = 0 where attributesetid in(3)
----Delete Service Type
--select * from Aspx_PaymentGatewayType
--update Aspx_PaymentGatewayType set isdeleted = 0 where PaymentGatewayTypeID = 2
----DELETE PAypal

--select * from Aspx_ShippingProvider
--update Aspx_ShippingProvider set isdeleted = 0 where shippingproviderid = 2
----DLETED USPS



